id,original_id,title,created_time,modified_time,desc,creator,keywords,categories,type,ext,size,version,doc_id,parent_id,thumbnail,derived_files,store_key,content,,,,,,,
201806_3373089,201806_3373089,重庆市涪陵志大物业管理有限公司诉重庆市涪陵区人力资源和社会保障局劳动和社会保障行政确认案,2018/6/20 0:00,2018/6/27 18:31,职工见义勇为，为制止违法犯罪行为而受到伤害的，属于《工伤保险条例》第十五条第一款第二项规定的为维护公共利益受到伤害的情形，应当视同工伤。,中国法院网,"[""行政"",""行政确认"",""视同工伤"",""见义勇为""]","{""id"":0,""title"":""行政"",""desc"":null}{""id"":1,""title"":""民事"",""desc"":null}{""id"":2,""title"":""刑事"",""desc"":null}",doc,doc,1024,0,null,null,null,null,null,关键词 行政/行政确认/视同工伤/见义勇为  裁判要点  职工见义勇为，为制止违法犯罪行为而受到伤害的，属于《工伤保险条例》第十五条第一款第二项规定的为维护公共利益受到伤害的情形，应当视同工伤。  相关法条  《工伤保险条例》第十五条第一款第二项  基本案情  罗仁均系重庆市涪陵志大物业管理有限公司(以下简称涪陵志大物业公司)保安。2011年12月24日，罗仁均在涪陵志大物业公司服务的圆梦园小区上班（24小时值班）。8时30分左右，在兴华中路宏富大厦附近有人对一过往行人实施抢劫，罗仁均听到呼喊声后立即拦住抢劫者的去路，要求其交出抢劫的物品，在与抢劫者搏斗的过程中，不慎从22步台阶上摔倒在巷道拐角的平台上受伤。罗仁均于2012年6月12日向被告重庆市涪陵区人力资源和社会保障局（以下简称涪陵区人社局）提出工伤认定申请。涪陵区人社局当日受理后，于2012年6月13日向罗仁均发出《认定工伤中止通知书》，要求罗仁均补充提交见义勇为的认定材料。2012年7月20日，罗仁均补充了见义勇为相关材料。涪陵区人社局核实后，根据《工伤保险条例》第十四条第七项之规定，于2012年8月9日作出涪人社伤险认决字z2012{676号《认定工伤决定书》，认定罗仁均所受之伤属于因工受伤。涪陵志大物业公司不服，向法院提起行政诉讼。在诉讼过程中，涪陵区人社局作出《撤销工伤认定决定书》，并于2013年6月25日根据《工伤保险条例》第十五条第一款第二项之规定，作出涪人社伤险认决字z2013{524号《认定工伤决定书》，认定罗仁均受伤属于视同因工受伤。涪陵志大物业公司仍然不服，于2013年7月15日向重庆市人力资源和社会保障局申请行政复议，重庆市人力资源和社会保障局于2013年8月21日作出渝人社复决字z2013{129号《行政复议决定书》，予以维持。涪陵志大物业公司认为涪陵区人社局的认定决定适用法律错误，罗仁均所受伤依法不应认定为工伤。遂诉至法院，请求判决撤销《认定工伤决定书》，并责令被告重新作出认定。  另查明，重庆市涪陵区社会管理综合治理委员会对罗仁均的行为进行了表彰，并做出了涪综治委发z2012{5号《关于表彰罗仁均同志见义勇为行为的通报》。  裁判结果  重庆市涪陵区人民法院于2013年9月23日作出（2013）涪法行初字第00077号行政判决，驳回重庆市涪陵志大物业管理有限公司要求撤销被告作出的涪人社伤险认决字z2013{524号《认定工伤决定书》的诉讼请求。一审宣判后，双方当事人均未上诉，裁判现已发生法律效力。  裁判理由  法院生效裁判认为：被告涪陵区人社局是县级劳动行政主管部门，根据国务院《工伤保险条例》第五条第二款规定，具有受理本行政区域内的工伤认定申请，并根据事实和法律作出是否工伤认定的行政管理职权。被告根据第三人罗仁均提供的重庆市涪陵区社会管理综合治理委员会《关于表彰罗仁均同志见义勇为行为的通报》，认定罗仁均在见义勇为中受伤，事实清楚，证据充分。罗仁均不顾个人安危与违法犯罪行为作斗争，既保护了他人的个人财产和生命安全，也维护了社会治安秩序，弘扬了社会正气。法律对于见义勇为，应当予以大力提倡和鼓励。  《工伤保险条例》第十五条第一款第二项规定：“职工在抢险救灾等维护国家利益、公共利益活动中受到伤害的，视同工伤。”据此，虽然职工不是在工作地点、因工作原因受到伤害，但其是在维护国家利益、公共利益活动中受到伤害的，也应当按照工伤处理。公民见义勇为，跟违法犯罪行为作斗争，与抢险救灾一样，同样属于维护社会公共利益的行为，应当予以大力提倡和鼓励。因见义勇为、制止违法犯罪行为而受到伤害的，应当适用《工伤保险条例》第十五条第一款第二项的规定，即视同工伤。  另外，《重庆市鼓励公民见义勇为条例》为重庆市地方性法规，其第十九条、第二十一条进一步明确规定，见义勇为受伤视同工伤，享受工伤待遇。该条例上述规定符合《工伤保险条例》的立法精神，有助于最大限度地保障劳动者的合法权益、最大限度地弘扬社会正气，在本案中应当予以适用。  综上，被告涪陵区人社局认定罗仁均受伤视同因工受伤，适用法律正确。  （生效裁判审判人员：刘芸、陈其娟、杨忠民）,,,,,,,
201711_3085741,201711_3085741,沙明保等诉马鞍山市花山区人民政府房屋强制拆除行政赔偿案,2017/11/15 0:00,2017/11/24 9:30,在房屋强制拆除引发的行政赔偿案件中，原告提供了初步证据，但因行政机关的原因导致原告无法对房屋内物品损失举证，行政机关亦因未依法进行财产登记、公证等措施无法对房屋内物品损失举证的，人民法院对原告未超出市场价值的符合生活常理的房屋内物品的赔偿请求，应当予以支持。,最高人民法院,"[""行政"",""行政赔偿"",""强制拆除"",“举证责任"",“市场合理价值""]","{""id"":0,""title"":""行政"",""desc"":null}{""id"":1,""title"":""民事"",""desc"":null}{""id"":2,""title"":""刑事"",""desc"":null}",doc,doc,1024,0,null,null,null,null,null,"关键词：行政/行政赔偿/强制拆除/举证责任/市场合理价值  　　裁判要点  　　在房屋强制拆除引发的行政赔偿案件中，原告提供了初步证据，但因行政机关的原因导致原告无法对房屋内物品损失举证，行政机关亦因未依法进行财产登记、公证等措施无法对房屋内物品损失举证的，人民法院对原告未超出市场价值的符合生活常理的房屋内物品的赔偿请求，应当予以支持。  　　相关法条  　　《中华人民共和国行政诉讼法》第38条第2款  　　基本案情  　　2011年12月5日，安徽省人民政府作出皖政地〔2011〕769号《关于马鞍山市2011年第35批次城市建设用地的批复》，批准征收马鞍山市花山区霍里街道范围内农民集体建设用地10.04公顷，用于城市建设。2011年12月23日，马鞍山市人民政府作出2011年37号《马鞍山市人民政府征收土地方案公告》，将安徽省人民政府的批复内容予以公告，并载明征地方案由花山区人民政府实施。苏月华名下的花山区霍里镇丰收村丰收村民组B11-3房屋在本次征收范围内。苏月华于2011年9月13日去世,其生前将该房屋处置给四原告所有。原告古宏英系苏月华的女儿，原告沙明保、沙明虎、沙明莉系苏月华的外孙。在实施征迁过程中，征地单位分别制作了《马鞍山市国家建设用地征迁费用补偿表》、《马鞍山市征迁住房货币化安置（产权调换）备案表》，对苏月华户房屋及地上附着物予以登记补偿，原告古宏英的丈夫领取了安置补偿款。2012年年初，被告组织相关部门将苏月华户房屋及地上附着物拆除。原告沙明保等四人认为马鞍山市花山区人民政府非法将上述房屋拆除,侵犯了其合法财产权，故提起诉讼,请求人民法院判令马鞍山市花山区人民政府赔偿房屋损失、装潢损失、房租损失共计282.7680万元；房屋内物品损失共计10万元，主要包括衣物、家具、家电、手机等5万元；实木雕花床5万元。  　　马鞍山市中级人民法院判决驳回原告沙明保等四人的赔偿请求。沙明保等四人不服，上诉称：1、2012年初，马鞍山市花山区人民政府对案涉农民集体土地进行征收，未征求公众意见，上诉人亦不知以何种标准予以补偿；2、2012年8月1日，马鞍山市花山区人民政府对上诉人的房屋进行拆除的行为违法，事前未达成协议，未告知何时拆迁，屋内财产未搬离、未清点，所造成的财产损失应由马鞍山市花山区人民政府承担举证责任；3、2012年8月27日，上诉人沙明保、沙明虎、沙明莉的父亲沙开金受胁迫在补偿表上签字，但其父沙开金对房屋并不享有权益且该补偿表系房屋被拆后所签。综上，请求二审法院撤销一审判决，支持其赔偿请求。  　　马鞍山市花山区人民政府未作书面答辩。  　　裁判结果  　　马鞍山市中级人民法院于2015年7月20日作出（2015）马行赔初字第00004号行政赔偿判决：驳回沙明保等四人的赔偿请求。宣判后，沙明保等四人提出上诉，安徽省高级人民法院于2015年11月24日作出（2015）皖行赔终字第00011号行政赔偿判决：撤销马鞍山市中级人民法院（2015）马行赔初字第00004号行政赔偿判决；判令马鞍山市花山区人民政府赔偿上诉人沙明保等四人房屋内物品损失8万元。  　　裁判理由  　　法院生效裁判认为：根据《中华人民共和国土地管理法实施条例》第四十五条的规定，土地行政主管部门责令限期交出土地，被征收人拒不交出的，申请人民法院强制执行。马鞍山市花山区人民政府提供的证据不能证明原告自愿交出了被征土地上的房屋，其在土地行政主管部门未作出责令交出土地决定亦未申请人民法院强制执行的情况下，对沙明保等四人的房屋组织实施拆除，行为违法。关于被拆房屋内物品损失问题，根据《中华人民共和国行政诉讼法》第三十八条第二款之规定，在行政赔偿、补偿的案件中，原告应当对行政行为造成的损害提供证据。因被告的原因导致原告无法举证的，由被告承担举证责任。马鞍山市花山区人民政府组织拆除上诉人的房屋时，未依法对屋内物品登记保全，未制作物品清单并交上诉人签字确认，致使上诉人无法对物品受损情况举证，故该损失是否存在、具体损失情况等，依法应由马鞍山市花山区人民政府承担举证责任。上诉人主张的屋内物品5万元包括衣物、家具、家电、手机等，均系日常生活必需品，符合一般家庭实际情况，且被上诉人亦未提供证据证明这些物品不存在，故对上诉人主张的屋内物品种类、数量及价值应予认定。上诉人主张实木雕花床价值为5万元，已超出市场正常价格范围，其又不能确定该床的材质、形成时间、与普通实木雕花床有何不同等，法院不予支持。但出于最大限度保护被侵权人的合法权益考虑，结合目前普通实木雕花床的市场价格，按“就高不就低”的原则，综合酌定该实木雕花床价值为3万元。综上，法院作出如上判决。  　　（生效裁判审判人员：王新林、宋鑫、阮秀芳）",,,,,,,
201711_3085735,201711_3085735,贝汇丰诉海宁市公安局交通警察大队道路交通管理行政处罚案,2017/11/15 0:00,2017/11/24 9:28,礼让行人是文明安全驾驶的基本要求。机动车驾驶人驾驶车辆行经人行横道，遇行人正在人行横道通行或者停留时，应当主动停车让行，除非行人明确示意机动车先通过。公安机关交通管理部门对不礼让行人的机动车驾驶人依法作出行政处罚的，人民法院应予支持。,最高人民法院,"[""行政"",""行政处罚"",""机动车让行"",""正在通过人行横道""]","{""id"":0,""title"":""行政"",""desc"":null}{""id"":1,""title"":""民事"",""desc"":null}{""id"":2,""title"":""刑事"",""desc"":null}",doc,doc,1024,0,null,null,null,null,null,关键词：行政/行政处罚/机动车让行/正在通过人行横道  　　裁判要点  　　礼让行人是文明安全驾驶的基本要求。机动车驾驶人驾驶车辆行经人行横道，遇行人正在人行横道通行或者停留时，应当主动停车让行，除非行人明确示意机动车先通过。公安机关交通管理部门对不礼让行人的机动车驾驶人依法作出行政处罚的，人民法院应予支持。  　　相关法条  　　《中华人民共和国道路交通安全法》第47条第1款  　　基本案情  　　原告贝汇丰诉称：其驾驶浙F1158J汽车（以下简称“案涉车辆”）靠近人行横道时，行人已经停在了人行横道上，故不属于“正在通过人行横道”。而且，案涉车辆经过的西山路系海宁市主干道路，案发路段车流很大，路口也没有红绿灯，如果只要人行横道上有人，机动车就停车让行，会在很大程度上影响通行效率。所以，其可以在确保通行安全的情况下不停车让行而直接通过人行横道，故不应该被处罚。海宁市公安局交通警察大队（以下简称“海宁交警大队”）作出的编号为3304811102542425的公安交通管理简易程序处罚决定违法。贝汇丰请求：撤销海宁交警大队作出的行政处罚决定。  　　被告海宁交警大队辩称：行人已经先于原告驾驶的案涉车辆进入人行横道，而且正在通过，案涉车辆应当停车让行；如果行人已经停在人行横道上，机动车驾驶人可以示意行人快速通过，行人不走，机动车才可以通过；否则，构成违法。对贝汇丰作出的行政处罚决定事实清楚，证据确实充分，适用法律正确，程序合法，请求判决驳回贝汇丰的诉讼请求。  　　法院经审理查明：2015年1月31日，贝汇丰驾驶案涉车辆沿海宁市西山路行驶，遇行人正在通过人行横道，未停车让行。海宁交警大队执法交警当场将案涉车辆截停，核实了贝汇丰的驾驶员身份，适用简易程序向贝汇丰口头告知了违法行为的基本事实、拟作出的行政处罚、依据及其享有的权利等，并在听取贝汇丰的陈述和申辩后，当场制作并送达了公安交通管理简易程序处罚决定书，给予贝汇丰罚款100元，记3分。贝汇丰不服，于2015年2月13日向海宁市人民政府申请行政复议。3月27日，海宁市人民政府作出行政复议决定书，维持了海宁交警大队作出的处罚决定。贝汇丰收到行政复议决定书后于2015年4月14日起诉至海宁市人民法院。  　　裁判结果  　　浙江省海宁市人民法院于2015年6月11日作出（2015）嘉海行初字第6号行政判决：驳回贝汇丰的诉讼请求。宣判后，贝汇丰不服，提起上诉。浙江省嘉兴市中级人民法院于2015年9月10日作出（2015）浙嘉行终字第52号行政判决：驳回上诉，维持原判。  　　裁判理由  　　法院生效裁判认为：首先，人行横道是行车道上专供行人横过的通道，是法律为行人横过道路时设置的保护线，在没有设置红绿灯的道路路口，行人有从人行横道上优先通过的权利。机动车作为一种快速交通运输工具，在道路上行驶具有高度的危险性，与行人相比处于强势地位，因此必须对机动车在道路上行驶时给予一定的权利限制，以保护行人。其次，认定行人是否“正在通过人行横道”应当以特定时间段内行人一系列连续行为为标准，而不能以某个时间点行人的某个特定动作为标准，特别是在该特定动作不是行人在自由状态下自由地做出，而是由于外部的强力原因迫使其不得不做出的情况下。案发时，行人以较快的步频走上人行横道线，并以较快的速度接近案发路口的中央位置，当看到贝汇丰驾驶案涉车辆朝自己行走的方向驶来，行人放慢了脚步，以确认案涉车辆是否停下来，但并没有停止脚步，当看到案涉车辆没有明显减速且没有停下来的趋势时，才为了自身安全不得不停下脚步。如果此时案涉车辆有明显减速并停止行驶，则行人肯定会连续不停止地通过路口。可见，在案发时间段内行人的一系列连续行为充分说明行人“正在通过人行横道”。再次，机动车和行人穿过没有设置红绿灯的道路路口属于一个互动的过程，任何一方都无法事先准确判断对方是否会停止让行，因此处于强势地位的机动车在行经人行横道遇行人通过时应当主动停车让行，而不应利用自己的强势迫使行人停步让行，除非行人明确示意机动车先通过，这既是法律的明确规定，也是保障作为弱势一方的行人安全通过马路、减少交通事故、保障生命安全的现代文明社会的内在要求。综上，贝汇丰驾驶机动车行经人行横道时遇行人正在通过而未停车让行，违反了《中华人民共和国道路交通安全法》第四十七条的规定。海宁交警大队根据贝汇丰的违法事实，依据法律规定的程序在法定的处罚范围内给予相应的行政处罚，事实清楚，程序合法，处罚适当。  　　（生效裁判审判人员：樊钢剑、张波诚、张红）,,,,,,,
201711_3085731,201711_3085731,"“北雁云依""诉济南市公安局历下区分局燕山派出所公安行政登记案",2017/11/15 0:00,2017/11/24 9:22,"公民选取或创设姓氏应当符合中华传统文化和伦理观念。仅凭个人喜好和愿望在父姓、母姓之外选取其他姓氏或者创设新的姓氏，不属于《全国人民代表大会常务委员会关于〈中华人民共和国民法通则〉第九十九条第一款、〈中华人民共和国婚姻法〉第二十二条的解释》第二款第三项规定的“有不违反公序良俗的其他正当理由""。",最高人民法院,"[""行政"",""公安行政登记"",""姓名权"",""公序良俗"",""正当理由""]","{""id"":0,""title"":""行政"",""desc"":null}{""id"":1,""title"":""民事"",""desc"":null}{""id"":2,""title"":""刑事"",""desc"":null}",doc,doc,1024,0,null,null,null,null,null,关键词：行政/公安行政登记/姓名权/公序良俗/正当理由  　　裁判要点  　　公民选取或创设姓氏应当符合中华传统文化和伦理观念。仅凭个人喜好和愿望在父姓、母姓之外选取其他姓氏或者创设新的姓氏，不属于《全国人民代表大会常务委员会关于〈中华人民共和国民法通则〉第九十九条第一款、〈中华人民共和国婚姻法〉第二十二条的解释》第二款第三项规定的“有不违反公序良俗的其他正当理由”。  　　相关法条  　　《中华人民共和国民法通则》第99条第1款  　　《中华人民共和国婚姻法》第22条  　　《全国人民代表大会常务委员会关于〈中华人民共和国民法通则〉第九十九条第一款、〈中华人民共和国婚姻法〉第二十二条的解释》  　　基本案情  　　原告“北雁云依”法定代理人吕晓峰诉称：其妻张瑞峥在医院产下一女取名“北雁云依”，并办理了出生证明和计划生育服务手册新生儿落户备查登记。为女儿办理户口登记时，被告济南市公安局历下区分局燕山派出所（以下简称“燕山派出所”）不予上户口。理由是孩子姓氏必须随父姓或母姓，即姓“吕”或姓“张”。根据《中华人民共和国婚姻法》（以下简称《婚姻法》）和《中华人民共和国民法通则》（以下简称《民法通则》）关于姓名权的规定，请求法院判令确认被告拒绝以“北雁云依”为姓名办理户口登记的行为违法。  　　被告燕山派出所辩称：依据法律和上级文件的规定不按“北雁云依”进行户口登记的行为是正确的。《民法通则》规定公民享有姓名权，但没有具体规定。而2009年12月23日最高人民法院举行新闻发布会，关于夫妻离异后子女更改姓氏问题的答复中称，《婚姻法》第二十二条是我国法律对子女姓氏问题作出的专门规定，该条规定子女可以随父姓，可以随母姓，没有规定可以随第三姓。行政机关应当依法行政，法律没有明确规定的行为，行政机关就不能实施，原告和行政机关都无权对法律作出扩大化解释，这就意味着子女只有随父姓或者随母姓两种选择。从另一个角度讲，法律确认姓名权是为了使公民能以文字符号即姓名明确区别于他人，实现自己的人格和权利。姓名权和其他权利一样，受到法律的限制而不可滥用。新生婴儿随父姓、随母姓是中华民族的传统习俗，这种习俗标志着血缘关系，随父姓或者随母姓，都是有血缘关系的，可以在很大程度上避免近亲结婚，但是姓第三姓，则与这种传统习俗、与姓的本意相违背。全国各地公安机关在执行《婚姻法》第二十二条关于子女姓氏的问题上，标准都是一致的，即子女应当随父姓或者随母姓。综上所述，拒绝原告法定代理人以“北雁云依”的姓名为原告申报户口登记的行为正确，恳请人民法院依法驳回原告的诉讼请求。  　　法院经审理查明：原告“北雁云依”出生于2009年1月25日，其父亲名为吕晓峰，母亲名为张瑞峥。因酷爱诗词歌赋和中国传统文化，吕晓峰、张瑞峥夫妇二人决定给爱女起名为“北雁云依”，并以“北雁云依”为名办理了新生儿出生证明和计划生育服务手册新生儿落户备查登记。2009年2月，吕晓峰前往燕山派出所为女儿申请办理户口登记，被民警告知拟被登记人员的姓氏应当随父姓或者母姓，即姓“吕”或者“张”，否则不符合办理出生登记条件。因吕晓峰坚持以“北雁云依”为姓名为女儿申请户口登记，被告燕山派出所遂依照《婚姻法》第二十二条之规定，于当日作出拒绝办理户口登记的具体行政行为。  　　该案经过两次公开开庭审理，原告“北雁云依”法定代理人吕晓峰在庭审中称：其为女儿选取的“北雁云依”之姓名，“北雁”是姓，“云依”是名。  　　因案件涉及法律适用问题，需送请有权机关作出解释或者确认，该案于2010年3月11日裁定中止审理，中止事由消除后，该案于2015年4月21日恢复审理。  　　裁判结果  　　济南市历下区人民法院于2015年4月25日作出（2010）历行初字第4号行政判决：驳回原告“北雁云依”要求确认被告燕山派出所拒绝以“北雁云依”为姓名办理户口登记行为违法的诉讼请求。  　　一审宣判并送达后，原被告双方均未提出上诉，本判决已发生法律效力。  　　裁判理由  　　法院生效裁判认为：2014年11月1日，第十二届全国人民代表大会常务委员会第十一次会议通过了《全国人民代表大会常务委员会关于〈中华人民共和国民法通则〉第九十九条第一款、〈中华人民共和国婚姻法〉第二十二条的解释》。该立法解释规定：“公民依法享有姓名权。公民行使姓名权，还应当尊重社会公德，不得损害社会公共利益。公民原则上应当随父姓或者母姓。有下列情形之一的，可以在父姓和母姓之外选取姓氏：（一）选取其他直系长辈血亲的姓氏；（二）因由法定扶养人以外的人抚养而选取抚养人姓氏；（三）有不违反公序良俗的其他正当理由。少数民族公民的姓氏可以从本民族的文化传统和风俗习惯。”  　　本案不存在选取其他直系长辈血亲姓氏或者选取法定扶养人以外的抚养人姓氏的情形，案件的焦点就在于原告法定代理人吕晓峰提出的理由是否符合上述立法解释第二款第三项规定的“有不违反公序良俗的其他正当理由”。首先，从社会管理和发展的角度，子女承袭父母姓氏有利于提高社会管理效率，便于管理机关和其他社会成员对姓氏使用人的主要社会关系进行初步判断。倘若允许随意选取姓氏甚至恣意创造姓氏，则会增加社会管理成本，不利于社会和他人，不利于维护社会秩序和实现社会的良性管控，而且极易使社会管理出现混乱，增加社会管理的风险性和不确定性。其次，公民选取姓氏涉及公序良俗。在中华传统文化中，“姓名”中的“姓”，即姓氏，主要来源于客观上的承袭，系先祖所传，承载了对先祖的敬重、对家庭的热爱等，体现着血缘传承、伦理秩序和文化传统。而“名”则源于主观创造，为父母所授，承载了个人喜好、人格特征、长辈愿望等。公民对姓氏传承的重视和尊崇，不仅仅体现了血缘关系、亲属关系，更承载着丰富的文化传统、伦理观念、人文情怀，符合主流价值观念，是中华民族向心力、凝聚力的载体和镜像。公民原则上随父姓或者母姓，符合中华传统文化和伦理观念，符合绝大多数公民的意愿和实际做法。反之，如果任由公民仅凭个人意愿喜好，随意选取姓氏甚至自创姓氏，则会造成对文化传统和伦理观念的冲击，违背社会善良风俗和一般道德要求。再次，公民依法享有姓名权，公民行使姓名权属于民事活动，既应当依照《民法通则》第九十九条第一款和《婚姻法》第二十二条的规定，还应当遵守《民法通则》第七条的规定，即应当尊重社会公德，不得损害社会公共利益。通常情况下，在父姓和母姓之外选取姓氏的行为，主要存在于实际抚养关系发生变动、有利于未成年人身心健康、维护个人人格尊严等情形。本案中，原告“北雁云依”的父母自创“北雁”为姓氏、选取“北雁云依”为姓名给女儿办理户口登记的理由是“我女儿姓名‘北雁云依’四字，取自四首著名的中国古典诗词，寓意父母对女儿的美好祝愿”。此理由仅凭个人喜好愿望并创设姓氏，具有明显的随意性，不符合立法解释第二款第三项的情形，不应给予支持。  　　（生效裁判审判人员：任军、白杨、钱昕）,,,,,,,
201711_3085702,201711_3085702,张道文、陶仁等诉四川省简阳市人民政府侵犯客运人力三轮车经营权案,2017/11/15 0:00,2017/11/24 9:15,1.行政许可具有法定期限，行政机关在作出行政许可时，应当明确告知行政许可的期限，行政相对人也有权利知道行政许可的期限。,最高人民法院,"[""行政"",""行政许可"",""期限"",""告知义务"",""行政程序"",""确认违法判决""]","{""id"":0,""title"":""行政"",""desc"":null}{""id"":1,""title"":""民事"",""desc"":null}{""id"":2,""title"":""刑事"",""desc"":null}",doc,doc,1024,0,null,null,null,null,null,关键词：行政/行政许可/期限/告知义务/行政程序/确认违法判决  　　裁判要点  　　1.行政许可具有法定期限，行政机关在作出行政许可时，应当明确告知行政许可的期限，行政相对人也有权利知道行政许可的期限。  　　2.行政相对人仅以行政机关未告知期限为由，主张行政许可没有期限限制的，人民法院不予支持。  　　3.行政机关在作出行政许可时没有告知期限，事后以期限届满为由终止行政相对人行政许可权益的，属于行政程序违法，人民法院应当依法判决撤销被诉行政行为。但如果判决撤销被诉行政行为，将会给社会公共利益和行政管理秩序带来明显不利影响的，人民法院应当判决确认被诉行政行为违法。  　　相关法条  　　《中华人民共和国行政诉讼法》第89条第1款第2项  　　基本案情  　　1994年12月12日，四川省简阳市人民政府（以下简称“简阳市政府”）以通告的形式，对本市区范围内客运人力三轮车实行限额管理。1996年8月，简阳市政府对人力客运老年车改型为人力客运三轮车（240辆）的经营者每人收取了有偿使用费3500元。1996年11月，简阳市政府对原有的161辆客运人力三轮车经营者每人收取了有偿使用费2000元。从1996年11月开始，简阳市政府开始实行经营权的有偿使用，有关部门也对限额的401辆客运人力三轮车收取了相关的规费。1999年7月15日、7月28日，简阳市政府针对有偿使用期限已届满两年的客运人力三轮车，发布《关于整顿城区小型车辆营运秩序的公告》（以下简称《公告》）和《关于整顿城区小型车辆营运秩序的补充公告》（以下简称《补充公告》）。其中，《公告》要求“原已具有合法证照的客运人力三轮车经营者必须在1999年7月19日至7月20日到市交警大队办公室重新登记”，《补充公告》要求“经审查，取得经营权的登记者，每辆车按8000元的标准（符合《公告》第六条规定的每辆车按7200元的标准）交纳经营权有偿使用费”。张道文、陶仁等182名客运人力三轮车经营者认为简阳市政府作出的《公告》第六条和《补充公告》第二条的规定形成重复收费，侵犯其合法经营权，向四川省简阳市人民法院提起行政诉讼，要求判决撤销简阳市政府作出的上述《公告》和《补充公告》。  　　裁判结果  　　1999年11月9日，四川省简阳市人民法院依照《中华人民共和国行政诉讼法》第五十四条第一项之规定，以（1999）简阳行初字第36号判决维持市政府1999年7月15日、1999年7月28日作出的行政行为。张道文、陶仁等不服提起上诉。2000年3月2日，四川省资阳地区中级人民法院以（2000）资行终字第6号行政判决驳回上诉，维持原判。2001年6月13日，四川省高级人民法院以（2001）川行监字第1号行政裁定指令四川省资阳市（原资阳地区）中级人民法院进行再审。2001年11月3日，四川省资阳市中级人民法院以（2001）资行再终字第1号判决撤销原一审、二审判决，驳回原审原告的诉讼请求。张道文、陶仁等不服，向四川省高级人民法院提出申诉。2002年7月11日，四川省高级人民法院作出（2002）川行监字第4号驳回再审申请通知书。张道文、陶仁等不服，向最高人民法院申请再审。2016年3月23日，最高人民法院裁定提审本案。2017年5月3日，最高人民法院作出（2016）最高法行再81号行政判决：一、撤销四川省资阳市中级人民法院（2001）资行再终字第1号判决；二、确认四川省简阳市人民政府作出的《关于整顿城区小型车辆营运秩序的公告》和《关于整顿城区小型车辆营运秩序的补充公告》违法。  　　裁判理由  　　最高人民法院认为，本案涉及到以下三个主要问题：  　　关于被诉行政行为的合法性问题。从法律适用上看，《四川省道路运输管理条例》第4条规定“各级交通行政主管部门负责本行政区域内营业性车辆类型的调整、数量的投放”和第24条规定“经县级以上人民政府批准，客运经营权可以实行有偿使用。”四川省交通厅制定的《四川省小型车辆客运管理规定》（川交运〔1994〕359号）第八条规定：“各市、地、州运管部门对小型客运车辆实行额度管理时，经当地政府批准可采用营运证有偿使用的办法，但有偿使用期限一次不得超过两年。”可见，四川省地方性法规已经明确对客运经营权可以实行有偿使用。四川省交通厅制定的规范性文件虽然早于地方性法规，但该规范性文件对营运证实行有期限有偿使用与地方性法规并不冲突。基于行政执法和行政管理需要，客运经营权也需要设定一定的期限。从被诉的行政程序上看，程序明显不当。被诉行政行为的内容是对原已具有合法证照的客运人力三轮车经营者实行重新登记，经审查合格者支付有偿使用费，逾期未登记者自动弃权的措施。该被诉行为是对既有的已经取得合法证照的客运人力三轮车经营者收取有偿使用费，而上述客运人力三轮车经营者的权利是在1996年通过经营权许可取得的。前后两个行政行为之间存在承继和连接关系。对于1996年的经营权许可行为，行政机关作出行政许可等授益性行政行为时，应当明确告知行政许可的期限。行政机关在作出行政许可时，行政相对人也有权知晓行政许可的期限。行政机关在1996年实施人力客运三轮车经营权许可之时，未告知张道文、陶仁等人人力客运三轮车两年的经营权有偿使用期限。张道文、陶仁等人并不知道其经营权有偿使用的期限。简阳市政府1996年的经营权许可在程序上存在明显不当，直接导致与其存在前后承继关系的本案被诉行政行为的程序明显不当。  　　关于客运人力三轮车经营权的期限问题。申请人主张，因简阳市政府在1996年实施人力客运三轮车经营权许可时未告知许可期限，据此认为经营许可是无期限的。最高人民法院认为，简阳市政府实施人力客运三轮车经营权许可，目的在于规范人力客运三轮车经营秩序。人力客运三轮车是涉及到公共利益的公共资源配置方式，设定一定的期限是必要的。客观上，四川省交通厅制定的《四川省小型车辆客运管理规定》（川交运〔1994〕359号）也明确了许可期限。简阳市政府没有告知许可期限，存在程序上的瑕疵，但申请人仅以此认为行政许可没有期限限制，最高人民法院不予支持。  　　关于张道文、陶仁等人实际享受“惠民”政策的问题。简阳市政府根据当地实际存在的道路严重超负荷、空气和噪声污染严重、“脏、乱、差”、“挤、堵、窄”等问题进行整治，符合城市管理的需要，符合人民群众的意愿，其正当性应予肯定。简阳市政府为了解决因本案诉讼遗留的信访问题，先后作出两次“惠民”行动，为实质性化解本案争议作出了积极的努力，其后续行为也应予以肯定。本院对张道文、陶仁等人接受退市营运的运力配置方案并作出承诺的事实予以确认。但是，行政机关在作出行政行为时必须恪守依法行政的原则，确保行政权力依照法定程序行使。  　　最高人民法院认为，简阳市政府作出《公告》和《补充公告》在行政程序上存在瑕疵，属于明显不当。但是，虑及本案被诉行政行为作出之后，简阳市城区交通秩序得到好转，城市道路运行能力得到提高，城区市容市貌持续改善，以及通过两次“惠民”行动，绝大多数原401辆三轮车已经分批次完成置换，如果判决撤销被诉行政行为，将会给行政管理秩序和社会公共利益带来明显不利影响。最高人民法院根据《最高人民法院关于执行〈中华人民共和国行政诉讼法〉若干问题的解释》第五十八条有关情况判决的规定确认被诉行政行为违法。  　　（生效裁判审判人员：梁凤云、王海峰、仝蕾）,,,,,,, 
201701_2502943,201701_2502943,罗F荣诉吉安市物价局物价行政处理案,2016/12/28 0:00,2017/1/3 14:56,"1.行政机关对与举报人有利害关系的举报仅作出告知性答复，未按法律规定对举报进行处理，不属于《最高人民法院关于执行〈中华人民共和国行政诉讼法〉若干问题的解释》第一条第六项规定的“对公民、法人或者其他组织权利义务不产生实际影响的行为""，因而具有可诉性，属于人民法院行政诉讼的受案范围。",最高人民法院,"[""行政诉讼"",""举报答复"",""受案范围"",""原告资格""]","{""id"":0,""title"":""行政"",""desc"":null}{""id"":1,""title"":""民事"",""desc"":null}{""id"":2,""title"":""刑事"",""desc"":null}",doc,doc,1024,0,null,null,null,null,null,关键词：行政诉讼/举报答复/受案范围/原告资格  　　裁判要点  　　1.行政机关对与举报人有利害关系的举报仅作出告知性答复，未按法律规定对举报进行处理，不属于《最高人民法院关于执行〈中华人民共和国行政诉讼法〉若干问题的解释》第一条第六项规定的“对公民、法人或者其他组织权利义务不产生实际影响的行为”，因而具有可诉性，属于人民法院行政诉讼的受案范围。  　　2.举报人就其自身合法权益受侵害向行政机关进行举报的，与行政机关的举报处理行为具有法律上的利害关系，具备行政诉讼原告主体资格。  　　相关法条  　　《中华人民共和国行政诉讼法》（2014年11月1日修正）第十二条、第二十五条  　　基本案情  　　原告罗F荣诉称：2012年5月20日，其在江西省吉安市吉州区井冈山大道电信营业厅办理手机号码时，吉安电信公司收取了原告20元卡费并出具了发票。原告认为吉安电信公司收取原告首次办理手机号码的卡费，违反了《集成电路卡应用和收费管理办法》中不得向用户单独收费的禁止性规定，故向被告吉安市物价局申诉举报，并提出了要求被告履行法定职责进行查处和作出书面答复等诉求。被告虽然出具了书面答复，但答复函中只写明被告调查时发现一个文件及该文件的部分内容。答复函中并没有对原告申诉举报信中的请求事项作出处理，被告的行为违反了《中华人民共和国价格法》《价格违法行为举报规定》等相关法律规定。请求法院确认被告在处理原告申诉举报事项中的行为违法，依法撤销被告的答复，判令被告依法查处原告申诉举报信所涉及的违法行为。  　　被告吉安市物价局辩称：原告的起诉不符合行政诉讼法的有关规定。行政诉讼是指公民、法人、其他组织对于行政机关的具体行政行为不服提起的诉讼。本案中，被告于2012年7月3日对原告作出的答复不是一种具体行政行为，不具有可诉性。被告对原告的答复符合《价格违法行为举报规定》的程序要求，答复内容也是告知原告，被告经过调查后查证的情况。请求法院依法驳回原告的诉讼请求。  　　法院经审理查明：2012年5月28日，原告罗F荣向被告吉安市物价局邮寄一份申诉举报函，对吉安电信公司向原告收取首次办理手机卡卡费20元进行举报，要求被告责令吉安电信公司退还非法收取原告的手机卡卡费20元，依法查处并没收所有电信用户首次办理手机卡被收取的卡费，依法奖励原告和书面答复原告相关处理结果。2012年5月31日，被告收到原告的申诉举报函。2012年7月3日，被告作出《关于对罗F荣2012年5月28日〈申诉书〉办理情况的答复》，并向原告邮寄送达。答复内容为：“2012年5月31日我局收到您反映吉安电信公司新办手机卡用户收取20元手机卡卡费的申诉书后，我局非常重视，及时进行调查，经调查核实：江西省通管局和江西省发改委联合下发的《关于江西电信全业务套餐资费优化方案的批复》（赣通局〔2012〕14号）规定：UIM卡收费上限标准：入网50元/张，补卡、换卡：30元/张。我局非常感谢您对物价工作的支持和帮助。”原告收到被告的答复后，以被告的答复违法为由诉至法院。  　　裁判结果  　　江西省吉安市吉州区人民法院于2012年11月1日作出（2012）吉行初字第13号判决：撤销吉安市物价局《关于对罗F荣2012年5月28日〈申诉书〉办理情况的答复》，限其在十五日内重新作出书面答复。宣判后，当事人未上诉，判决已发生法律效力。  　　裁判理由  　　法院生效裁判认为：关于吉安市物价局举报答复行为的可诉性问题。根据《中华人民共和国行政诉讼法》（以下简称《行政诉讼法》，1989年4月4日通过）第十一条第一款第五项规定，申请行政机关履行保护人身权、财产权的法定职责，行政机关拒绝履行或者不予答复的，人民法院应受理当事人对此提起的诉讼。本案中，吉安市物价局依法应对罗F荣举报的吉安市电信公司收取卡费行为是否违法进行调查认定，并告知调查结果，但其作出的举报答复将《关于江西电信全业务套餐资费优化方案的批复》（以下简称《批复》）中规定的UIM卡收费上限标准进行了罗列，未载明对举报事项的处理结果。此种以告知《批复》有关内容代替告知举报调查结果行为，未能依法履行保护举报人财产权的法定职责，本身就是对罗F荣通过正当举报途径寻求救济的权利的一种侵犯，不属于《最高人民法院关于执行〈中华人民共和国行政诉讼法〉若干问题的解释》（以下简称《行政诉讼法解释》）第一条第六项规定的“对公民、法人或者其他组织权利义务不产生实际影响的行为”的范围，具有可诉性，属于人民法院行政诉讼的受案范围。  　　关于罗F荣的原告资格问题。根据《行政诉讼法》第二条、第二十四条第一款及《行政诉讼法解释》第十二条规定，举报人就举报处理行为提起行政诉讼，必须与该行为具有法律上的利害关系。本案中，罗F荣虽然要求吉安市物价局“依法查处并没收所有电信用户首次办理手机卡被收取的卡费”，但仍是基于认为吉安电信公司收取卡费行为侵害其自身合法权益，向吉安市物价局进行举报，并持有收取费用的发票作为证据。因此，罗F荣与举报处理行为具有法律上的利害关系，具有行政诉讼原告主体资格，依法可以提起行政诉讼。  　　关于举报答复合法性的问题。《价格违法行为举报规定》第十四条规定：“举报办结后，举报人要求答复且有联系方式的，价格主管部门应当在办结后五个工作日内将办理结果以书面或者口头方式告知举报人。”本案中，吉安市物价局作为价格主管部门，依法具有受理价格违法行为举报，并对价格是否违法进行审查，提出分类处理意见的法定职责。罗F荣在申诉举报函中明确列举了三项举报请求，且要求吉安市物价局在查处结束后书面告知罗F荣处理结果，该答复未依法载明吉安市物价局对被举报事项的处理结果，违反了《价格违法行为举报规定》第十四条的规定，不具有合法性，应予以纠正。  　　（生效裁判审判人员：胡建明、张冰华、刘桃生）,,,,,,,
201701_2502922,201701_2502922,萍乡市亚鹏房地产开发有限公司诉萍乡市国土资源局不履行行政协议案,2016/12/28 0:00,2017/1/3 14:41,行政机关在职权范围内对行政协议约定的条款进行的解释，对协议双方具有法律约束力，人民法院经过审查，根据实际情况，可以作为审查行政协议的依据。,最高人民法院,"[""行政"",""行政协议"",""合同解释"",""司法审查"",""法律效力""]","{""id"":0,""title"":""行政"",""desc"":null}{""id"":1,""title"":""民事"",""desc"":null}{""id"":2,""title"":""刑事"",""desc"":null}",doc,doc,1024,0,null,null,null,null,null,"关键词：行政/行政协议/合同解释/司法审查/法律效力  　　裁判要点  　　行政机关在职权范围内对行政协议约定的条款进行的解释，对协议双方具有法律约束力，人民法院经过审查，根据实际情况，可以作为审查行政协议的依据。  　　相关法条  　　《中华人民共和国行政诉讼法》第十二条  　　基本案情  　　2004年1月13日，江西省萍乡市土地收购储备中心受萍乡市肉类联合加工厂委托，经被告萍乡市国土资源局（以下简称市国土局）批准，在萍乡日报上刊登了国有土地使用权公开挂牌出让公告，定于2004年1月30日至2004年2月12日在土地交易大厅公开挂牌出让TG-0403号国有土地使用权，地块位于萍乡市安源区后埠街万公塘，土地出让面积为23173.3平方米，开发用地为商住综合用地，冷藏车间维持现状，容积率2.6，土地使用年限为50年。萍乡市亚鹏房地产开发有限公司(以下简称亚鹏公司)于2006年2月12日以投标竞拍方式并以人民币768万元取得了TG-0403号国有土地使用权，并于2006年2月21日与被告市国土局签订了《国有土地使用权出让合同》。合同约定出让宗地的用途为商住综合用地，冷藏车间维持现状。土地使用权出让金为每平方米331.42元，总额计人民币768万元。2006年3月2日，市国土局向亚鹏公司颁发了萍国用（2006）第43750号和萍国用（2006）第43751号两本国有土地使用证，其中萍国用（2006）第43750号土地证地类（用途）为工业，使用权类为出让，使用权面积为8359平方米，萍国字（2006）第43751号土地证地类为商住综合用地。对此，亚鹏公司认为约定的“冷藏车间维持现状”是维持冷藏库的使用功能,并非维持地类性质,要求将其中一证地类由“工业”更正为“商住综合”；但市国土局认为维持现状是指冷藏车间保留工业用地性质出让,且该公司也是按照冷藏车间为工业出让地缴纳的土地使用权出让金,故不同意更正土地用途。2012年7月30日，萍乡市规划局向萍乡市土地收购储备中心作出《关于要求解释〈关于萍乡市肉类联合加工厂地块的函〉》中有关问题的复函，主要内容是：我局在2003年10月8日出具规划条件中已明确了该地块用地性质为商住综合用地（冷藏车间约7300平方米，下同）但冷藏车间维持现状。根据该地块控规，其用地性质为居住（兼容商业），但由于地块内的食品冷藏车间是目前我市唯一的农产品储备保鲜库，也是我市重要的民生工程项目，因此，暂时保留地块内约7300平方米冷藏库的使用功能，未经政府或相关主管部门批准不得拆除。2013年2月21日，市国土局向亚鹏书面答复：一、根据市规划局出具的规划条件和宗地实际情况，同意贵公司申请TG-0403号地块中冷藏车间用地的土地用途由工业用地变更为商住用地。二、由于贵公司取得该宗地中冷藏车间用地使用权是按工业用地价格出让的，根据《中华人民共和国城市房地产管理法》之规定，贵公司申请TG-0403号地块中冷藏车间用地的土地用途由工业用地变更为商住用地，应补交土地出让金。补交的土地出让金可按该宗地出让时的综合用地（住宅、办公）评估价值减去的同等比例计算，即297.656万元*70%=208.36万元。三、冷藏车间用地的土地用途调整后，其使用功能未经市政府批准不得改变。亚鹏公司于2013年3月10日向法院提起行政诉讼，要求判令被告将萍国用（2006）第43750号国有土地使用证上的地类用途由“工业”更正为商住综合用地（冷藏车间维持现状）。撤销被告“关于对市亚鹏房地产有限公司TG-0403号地块有关土地用途问题的答复”中第二项关于补交土地出让金208.36万元的决定。  　　裁判结果  　　江西省萍乡市安源区人民法院于2014年4月23日作出（2014）安行初字第6号行政判决：一、被告萍乡市国土资源局在本判决生效之日起九十天内对萍国用（2006）第43750号国有土地使用证上的8359.1O的土地用途应依法予以更正。二、撤销被告萍乡市国土资源局于2013年2月21日作出的《关于对市亚鹏房地产开发有限公司TG-0403号地块有关土地用途的答复》中第二项补交土地出让金208.36万元的决定。宣判后，萍乡市国土资源局提出上诉。江西省萍乡市中级人民法院于2014年8月15日作出(2014)萍行终字第10号行政判决：驳回上诉，维持原判。  　　裁判理由  　　法院生效裁判认为：行政协议是行政机关为实现公共利益或者行政管理目标,在法定职责范围内与公民、法人或者其他组织协商订立的具有行政法上权利义务内容的协议,本案行政协议即是市国土局代表国家与亚鹏公司签订的国有土地使用权出让合同。行政协议强调诚实信用、平等自愿,一经签订,各方当事人必须严格遵守,行政机关无正当理由不得在约定之外附加另一方当事人义务或单方变更解除。本案中，TG-0403号地块出让时对外公布的土地用途是“开发用地为商住综合用地，冷藏车间维持现状”，出让合同中约定为“出让宗地的用途为商住综合用地，冷藏车间维持现状”。但市国土局与亚鹏公司就该约定的理解产生分歧，而萍乡市规划局对原萍乡市肉类联合加工厂复函确认TG-0403号国有土地使用权面积23173.3平方米（含冷藏车间）的用地性质是商住综合用地。萍乡市规划局的解释与挂牌出让公告明确的用地性质一致，且该解释是萍乡市规划局在职权范围内作出的，符合法律规定和实际情况，有助于树立诚信政府形象，并无重大明显的违法情形，具有法律效力，并对市国土局关于土地使用性质的判断产生约束力。因此，对市国土局提出的冷藏车间占地为工业用地的主张不予支持。亚鹏公司要求市国土局对“萍国用（2006）第43750号”土地证(土地使用权面积8359.1平方米)地类更正为商住综合用地,具有正当理由,市国土局应予以更正。亚鹏公司作为土地受让方按约支付了全部价款，市国土局要求亚鹏公司如若变更土地用途则应补交土地出让金，缺乏事实依据和法律依据,且有违诚实信用原则。  　　（生效裁判审判人员：朱江红、李修贵、邹绍良）",,,,,,,
201610_2258464,201610_2258464,王明德诉乐山市人力资源和社会保障局工伤认定案,2016/10/8 0:00,2016/10/8 8:42,当事人认为行政机关作出的程序性行政行为侵犯其人身权、财产权等合法权益，对其权利义务产生明显的实际影响，且无法通过提起针对相关的实体性行政行为的诉讼获得救济，而对该程序性行政行为提起行政诉讼的，人民法院应当依法受理。,人民法院报第四版,"[""行政诉讼"",""工伤认定"",""程序性行政行为"",""受理""]","{""id"":0,""title"":""行政"",""desc"":null}{""id"":1,""title"":""民事"",""desc"":null}{""id"":2,""title"":""刑事"",""desc"":null}",doc,doc,1024,0,null,null,null,null,null,关键词 行政诉讼/工伤认定/程序性行政行为/受理  　　裁判要点  　　当事人认为行政机关作出的程序性行政行为侵犯其人身权、财产权等合法权益，对其权利义务产生明显的实际影响，且无法通过提起针对相关的实体性行政行为的诉讼获得救济，而对该程序性行政行为提起行政诉讼的，人民法院应当依法受理。  　　相关法条  　　《中华人民共和国行政诉讼法》第12条、第13条  　　基本案情  　　原告王明德系王雷兵之父。王雷兵是四川嘉宝资产管理集团有限公司峨眉山分公司职工。2013年3月18日，王雷兵因交通事故死亡。由于王雷兵驾驶摩托车倒地翻覆的原因无法查实，四川省峨眉山市公安局交警大队于同年4月1日依据《道路交通事故处理程序规定》第五十条的规定，作出乐公交认定〔2013〕第00035号《道路交通事故证明》。该《道路交通事故证明》载明：2013年3月18日，王雷兵驾驶无牌“卡迪王”二轮摩托车由峨眉山市大转盘至小转盘方向行驶。1时20分许，当该车行至省道S306线29.3KM处驶入道路右侧与隔离带边缘相擦挂，翻覆于隔离带内，造成车辆受损、王雷兵当场死亡的交通事故。  　　2013年4月10日，第三人四川嘉宝资产管理集团有限公司峨眉山分公司就其职工王雷兵因交通事故死亡，向被告乐山市人力资源和社会保障局申请工伤认定，并同时提交了峨眉山市公安局交警大队所作的《道路交通事故证明》等证据。被告以公安机关交通管理部门尚未对本案事故作出交通事故认定书为由，于当日作出乐人社工时〔2013〕05号（峨眉山市）《工伤认定时限中止通知书》（以下简称《中止通知》），并向原告和第三人送达。  　　2013年6月24日，原告通过国内特快专递邮件方式，向被告提交了《恢复工伤认定申请书》，要求被告恢复对王雷兵的工伤认定。因被告未恢复对王雷兵工伤认定程序，原告遂于同年7月30日向法院提起行政诉讼，请求判决撤销被告作出的《中止通知》。  　　裁判结果  　　四川省乐山市市中区人民法院于2013年9月25日作出（2013）乐中行初字第36号判决，撤销被告乐山市人力资源和社会保障局于2013年4月10日作出的乐人社工时〔2013〕05号《中止通知》。一审宣判后，乐山市人力资源和社会保障局提起了上诉。乐山市中级人民法院二审审理过程中，乐山市人力资源和社会保障局递交撤回上诉申请书。乐山市中级人民法院经审查认为，上诉人自愿申请撤回上诉，属其真实意思表示，符合法律规定，遂裁定准许乐山市人力资源和社会保障局撤回上诉。一审判决已发生法律效力。  　　裁判理由  　　法院生效裁判认为，本案争议的焦点有两个：一是《中止通知》是否属于可诉行政行为；二是《中止通知》是否应当予以撤销。  　　一、关于《中止通知》是否属于可诉行政行为问题  　　法院认为，被告作出《中止通知》，属于工伤认定程序中的程序性行政行为，如果该行为不涉及终局性问题，对相对人的权利义务没有实质影响的，属于不成熟的行政行为，不具有可诉性，相对人提起行政诉讼的，不属于人民法院受案范围。但如果该程序性行政行为具有终局性，对相对人权利义务产生实质影响，并且无法通过提起针对相关的实体性行政行为的诉讼获得救济的，则属于可诉行政行为，相对人提起行政诉讼的，属于人民法院行政诉讼受案范围。  　　虽然根据《中华人民共和国道路交通安全法》第七十三条的规定：“公安机关交通管理部门应当根据交通事故现场勘验、检查、调查情况和有关的检验、鉴定结论，及时制作交通事故认定书，作为处理交通事故的证据。交通事故认定书应当载明交通事故的基本事实、成因和当事人的责任，并送达当事人。”但是，在现实道路交通事故中，也存在因道路交通事故成因确实无法查清，公安机关交通管理部门不能作出交通事故认定书的情况。对此，《道路交通事故处理程序规定》第五十条规定：“道路交通事故成因无法查清的，公安机关交通管理部门应当出具道路交通事故证明，载明道路交通事故发生的时间、地点、当事人情况及调查得到的事实，分别送达当事人。”就本案而言，峨眉山市公安局交警大队就王雷兵因交通事故死亡，依据所调查的事故情况，只能依法作出《道路交通事故证明》，而无法作出《交通事故认定书》。因此，本案中《道路交通事故证明》已经是公安机关交通管理部门依据《道路交通事故处理程序规定》就事故作出的结论，也就是《工伤保险条例》第二十条第三款中规定的工伤认定决定需要的“司法机关或者有关行政主管部门的结论”。除非出现新事实或者法定理由，否则公安机关交通管理部门不会就本案涉及的交通事故作出其他结论。而本案被告在第三人申请认定工伤时已经提交了相关《道路交通事故证明》的情况下，仍然作出《中止通知》，并且一直到原告起诉之日，被告仍以工伤认定处于中止中为由，拒绝恢复对王雷兵死亡是否属于工伤的认定程序。由此可见，虽然被告作出《中止通知》是工伤认定中的一种程序性行为，但该行为将导致原告的合法权益长期，乃至永久得不到依法救济，直接影响了原告的合法权益，对其权利义务产生实质影响，并且原告也无法通过对相关实体性行政行为提起诉讼以获得救济。因此，被告作出《中止通知》，属于可诉行政行为，人民法院应当依法受理。  　　二、关于《中止通知》应否予以撤销问题  　　法院认为，《工伤保险条例》第二十条第三款规定：“作出工伤认定决定需要以司法机关或者有关行政主管部门的结论为依据的，在司法机关或者有关行政主管部门尚未作出结论期间，作出工伤认定决定的时限中止。”如前所述，第三人在向被告就王雷兵死亡申请工伤认定时已经提交了《道路交通事故证明》。也就是说，第三人申请工伤认定时，并不存在《工伤保险条例》第二十条第三款所规定的依法可以作出中止决定的情形。因此，被告依据《工伤保险条例》第二十条规定，作出《中止通知》属于适用法律、法规错误，应当予以撤销。另外，需要指出的是，在人民法院撤销被告作出的《中止通知》判决生效后，被告对涉案职工认定工伤的程序即应予以恢复。  　　（生效裁判审判人员：黄英、李巨、彭东）,,,,,,,
201606_1893357,201606_1893357,盐城市奥康食品有限公司东台分公司诉盐城市东台工商行政管理局工商行政处罚案,2016/5/20 0:00,2016/6/5 12:53,1.食品经营者在食品标签、食品说明书上特别强调添加、含有一种或多种有价值、有特性的配料、成分，应标示所强调配料、成分的添加量或含量，未标示的，属于违反《中华人民共和国食品安全法》的行为，工商行政管理部门依法对其实施行政处罚的，人民法院应予支持。,最高人民法院,"[""行政"",""行政处罚"",""食品安全标准"",""食品标签"",""食品说明书""]","{""id"":0,""title"":""行政"",""desc"":null}{""id"":1,""title"":""民事"",""desc"":null}{""id"":2,""title"":""刑事"",""desc"":null}",doc,doc,1024,0,null,null,null,null,null,关键词 行政/行政处罚/食品安全标准/食品标签/食品说明书  　　裁判要点  　　1.食品经营者在食品标签、食品说明书上特别强调添加、含有一种或多种有价值、有特性的配料、成分，应标示所强调配料、成分的添加量或含量，未标示的，属于违反《中华人民共和国食品安全法》的行为，工商行政管理部门依法对其实施行政处罚的，人民法院应予支持。  　　2.所谓“强调”，是指通过名称、色差、字体、字号、图形、排列顺序、文字说明、同一内容反复出现或多个内容都指向同一事物等形式进行着重标识。所谓“有价值、有特性的配料”，是指不同于一般配料的特殊配料，对人体有较高的营养作用，其市场价格、营养成分往往高于其他配料。  　　相关法条  　　《中华人民共和国食品安全法》第20条、第42条第1款（该法于2015年4月24日修订，新法相关法条为第26条、第67条第1款）  　　基本案情  　　原告盐城市奥康食品有限公司东台分公司（以下简称奥康公司）诉称：2012年5月15日，被告盐城市东台工商行政管理局（以下简称东台工商局）作出东工商案字[2012]第00298号《行政处罚决定书》，认定原告销售的金龙鱼橄榄原香食用调和油没有标明橄榄油的含量，违反了GB7718-2004《预包装食品标签通则》的规定，责令其改正，并处以合计60000元的罚没款。原告认为，其经营的金龙鱼橄榄原香食用调和油标签上的“橄榄原香”是对产品物理属性的客观描述，并非对某种配料的强调，不需要标明含量或者添加量。橄榄油是和其他配料菜籽油、大豆油相同的普通食用油配料，并无特殊功效或价值，不是“有价值、有特性的配料”。本案应适用《中华人民共和国食品安全法》（以下简称《食品安全法》）规定的国务院卫生行政部门颁布的食品安全国家标准，而被告适用的GB7718-2004《预包装食品标签通则》并不是食品安全国家标准，适用法律错误。综上，请求法院判决撤销被告对其作出的涉案行政处罚决定书。  　　被告东台工商局辩称：原告奥康公司经营的金龙鱼牌橄榄原香食用调和油标签正面突出“橄榄”二字，配有橄榄图形，吊牌写明“添加了来自意大利的100%特级初榨橄榄油”，但未注明添加量，这就属于食品标签上特别强调添加某种有价值、有特性配料而未标示添加量的情形。GB7718-2004《预包装食品标签通则》作为食品标签强制性标准，在《食品安全法》生效后，即被视为食品安全标准之一，直至被GB7718-2011《预包装食品标签管理通则》替代。因此，其所作出的行政处罚决定定性准确，合理适当，程序合法，请求法院予以维持。  　　法院经审理查明：2011年9月1日至2012年2月29日，奥康公司购进净含量5升的金龙鱼牌橄榄原香食用调和油290瓶，加价销售给千家惠超市，获得销售收入34800元，净利润2836.9元。2012年2月21日，东台工商局行政执法人员在千家惠超市检查时，发现上述金龙鱼牌橄榄原香食用调和油未标示橄榄油的添加量。上述金龙鱼牌橄榄原香食用调和油名称为“橄榄原香食用调和油”，其标签上有“橄榄”二字，配有橄榄图形，标签侧面标示“配料：菜籽油、大豆油、橄榄油”等内容，吊牌上写明：“金龙鱼橄榄原香食用调和油，添加了来自意大利的100%特级初榨橄榄油，洋溢着淡淡的橄榄果清香。除富含多种维生素、单不饱和脂肪酸等健康物质外，其橄榄原生精华含有多本酚等天然抗氧化成分，满足自然健康的高品质生活追求。”  　　东台工商局于2012年2月27日立案调查，并于5月9日向原告奥康公司送达行政处罚听证告知书。原告在法定期限内未提出陈述和申辩，也未要求举行听证。5月15日被告向原告送达东工商案字〔2012〕第298号行政处罚决定书，认定原告经营标签不符合《食品安全法》规定的食品，属于食品标签上特别强调添加某种有价值、有特性配料而未标示添加量的情形，依照《中华人民共和国行政处罚法》《食品安全法》规定，作出责令改正、没收违法所得2836.9元和罚款57163.1元，合计罚没款60000元的行政处罚。原告不服，申请行政复议，盐城市工商行政管理局复议维持该处罚决定。  　　裁判结果  　　江苏省东台市人民法院于2012年12月15日作出（2012）东行初字第0068号行政判决：维持东台工商局2012年5月15日作出的东工商案字[2012]第00298号《行政处罚决定书》。宣判后，奥康公司向江苏省盐城市中级人民法院提起上诉。江苏省盐城市中级人民法院于2013年5月9日作出（2013）盐行终字第0032号行政判决，维持一审判决。  　　裁判理由  　　法院生效裁判认为：《食品安全法》第二十条第四项规定，食品安全标准应当包括对与食品安全、营养有关的标签、标识、说明书的要求。第二十二条规定，本法规定的食品安全国家标准公布前，食品生产经营者应当按照现行食用农产品质量安全标准、食品卫生标准、食品质量标准和有关食品的行业标准生产经营食品。GB7718-2004《预包装食品标签通则》由国家质量监督检验检疫总局和国家标准化管理委员会制定，于2005年10月1日实施；《食品安全法》于2009年6月1日实施，新版的GB7718-2011《预包装食品标签管理通则》是由国务院卫生行政部门制定，且明确是食品安全国家标准，于2012年4月20日实施。本案原告奥康公司违法行为发生在2011年9月至2012年2月，GB7718-2004《预包装食品标签通则》属于当时的食品安全国家标准之一。因此，被告东台工商局适用GB7718-2004《预包装食品标签通则》对原告作出行政处罚，并无不当。  　　GB7718-2004《预包装食品标签通则》规定：“预包装食品标签的所有内容，不得以虚假、使消费者误解或欺骗性的文字、图形等方式介绍食品；也不得利用字号大小或色差误导消费者。”“如果在食品标签或食品说明书上特别强调添加了某种或数种有价值、有特性的配料，应标示所强调配料的添加量。”这里所指的“强调”，是特别着重或着重提出，一般意义上，通过名称、色差、字体、字号、图形、排列顺序、文字说明、同一内容反复出现或多个内容都指向同一事物等形式表现，均可理解为对某事物的强调。“有价值、有特性的配料”，是指对人体有较高的营养作用，配料本身不同于一般配料的特殊配料。通常理解，此种配料的市场价格或营养成分应高于其他配料。本案中，原告奥康公司认为“橄榄原香”是对产品物理属性的客观描述，并非对某种配料的强调，但从原告销售的金龙鱼牌橄榄原香食用调和油的外包装来看，其标签上以图形、字体、文字说明等方式突出了“橄榄”二字，强调了该食用调和油添加了橄榄油的配料，且在吊牌（食品标签的组成部分）上有“添加了来自意大利的 100%特级初榨橄榄油”等文字叙述，显而易见地向消费者强调该产品添加了橄榄油的配料，该做法本身实际上就是强调“橄榄”在该产品中的价值和特性。一般来说，橄榄油的市场价格或营养作用均高于一般的大豆油、菜籽油等，因此，如在食用调和油中添加了橄榄油，可以认定橄榄油是“有价值、有特性的配料”。因此，奥康公司未标示橄榄油的添加量，属于违反食品安全标准的行为。东台工商局所作行政处罚决定具有事实和法律依据，应予维持。  　　（生效裁判审判人员：刘红、王为华、周和）,,,,,,,
201606_1893356,201606_1893356,戴世华诉济南市公安消防支队消防验收纠纷案,2016/5/20 0:00,2016/6/5 12:50,建设工程消防验收备案结果通知含有消防竣工验收是否合格的评定，具有行政确认的性质，当事人对公安机关消防机构的消防验收备案结果通知行为提起行政诉讼的，人民法院应当依法予以受理。,最高人民法院,"[""行政诉讼"",""受案范围"",""行政确认"",""消防验收"",""备案结果通知""]","{""id"":0,""title"":""行政"",""desc"":null}{""id"":1,""title"":""民事"",""desc"":null}{""id"":2,""title"":""刑事"",""desc"":null}",doc,doc,1024,0,null,null,null,null,null,关键词 行政诉讼/受案范围/行政确认/消防验收/备案结果通知  　　裁判要点  　　建设工程消防验收备案结果通知含有消防竣工验收是否合格的评定，具有行政确认的性质，当事人对公安机关消防机构的消防验收备案结果通知行为提起行政诉讼的，人民法院应当依法予以受理。  　　相关法条  　　《中华人民共和国消防法》第4条、第13条  　　基本案情  　　原告戴世华诉称：原告所住单元一梯四户，其居住的801室坐东朝西，进户门朝外开启。距离原告门口0.35米处的南墙挂有高1.6米、宽0.7米、厚0.25米的消火栓。人员入室需后退避让，等门扇开启后再前行入室。原告的门扇开不到60至70度根本出不来。消防栓的设置和建设影响原告的生活。请求依法撤销被告济南市公安消防支队批准在其门前设置的消防栓通过验收的决定；依法判令被告责令报批单位依据国家标准限期整改。  　　被告济南市公安消防支队辩称：建设工程消防验收备案结果通知是按照建设工程消防验收评定标准完成工程检查，是检查记录的体现。如果备案结果合格，则表明建设工程是符合相关消防技术规范的；如果不合格，公安机关消防机构将依法采取措施，要求建设单位整改有关问题，其性质属于技术性验收，并不是一项独立、完整的具体行政行为，不具有可诉性，不属于人民法院行政诉讼的受案范围，请求驳回原告的起诉。  　　法院经审理查明：针对戴世华居住的馆驿街以南棚户区改造工程1-8号楼及地下车库工程，济南市公安消防支队对其消防设施抽查后，于2011年11月21日作出济公消验备[2011]第0172号《建设工程消防验收备案结果通知》。  　　裁判结果  　　济南高新技术产业开发区人民法院于2012年11月13日作出（2012）高行初字第2号行政裁定，驳回原告戴世华的起诉。戴世华不服一审裁定提起上诉。济南市中级人民法院经审理，于2013年1月17日作出（2012）济行终字第223号行政裁定：一、撤销济南高新技术产业开发区人民法院作出的（2012）高行初字第2号行政裁定；二、本案由济南高新技术产业开发区人民法院继续审理。  　　裁判理由  　　法院生效裁判认为：关于行为的性质。《中华人民共和国消防法》（以下简称《消防法》）第四条规定：“县级以上地方人民政府公安机关对本行政区域内的消防工作实施监督管理，并由本级人民政府公安机关消防机构负责实施。”《公安部建设工程消防监督管理规定》第三条第二款规定：“公安机关消防机构依法实施建设工程消防设计审核、消防验收和备案、抽查，对建设工程进行消防监督。”第二十四条规定：“对本规定第十三条、第十四条规定以外的建设工程，建设单位应当在取得施工许可、工程竣工验收合格之日起七日内，通过省级公安机关消防机构网站进行消防设计、竣工验收消防备案，或者到公安机关消防机构业务受理场所进行消防设计、竣工验收消防备案。”上述规定表明，建设工程消防验收备案就是特定的建设工程施工人向公安机关消防机构报告工程完成验收情况，消防机构予以登记备案，以供消防机构检查和监督，备案行为是公安机关消防机构对建设工程实施消防监督和管理的行为。消防机构实施的建设工程消防备案、抽查的行为具有行使行政职权的性质，体现出国家意志性、法律性、公益性、专属性和强制性，备案结果通知是备案行为的组成部分，是备案行为结果的具体表现形式，也具有上述行政职权的特性，应该纳入司法审查的范围。  　　关于行为的后果。《消防法》第十三条规定：“按照国家工程建设消防技术标准需要进行消防设计的建设工程竣工，依照下列规定进行消防验收、备案：……（二）其他建设工程，建设单位在验收后应当报公安机关消防机构备案，公安机关消防机构应当进行抽查。依法应当进行消防验收的建设工程，未经消防验收或者消防验收不合格的，禁止投入使用；其他建设工程经依法抽查不合格的，应当停止使用。”公安部《建设工程消防监督管理规定》第二十五条规定：“公安机关消防机构应当在已经备案的消防设计、竣工验收工程中，随机确定检查对象并向社会公告。对确定为检查对象的，公安机关消防机构应当在二十日内按照消防法规和国家工程建设消防技术标准完成图纸检查，或者按照建设工程消防验收评定标准完成工程检查，制作检查记录。检查结果应当向社会公告，检查不合格的，还应当书面通知建设单位。建设单位收到通知后，应当停止施工或者停止使用，组织整改后向公安机关消防机构申请复查。公安机关消防机构应当在收到书面申请之日起二十日内进行复查并出具书面复查意见。”上述规定表明，在竣工验收备案行为中，公安机关消防机构并非仅仅是简单地接受建设单位向其报送的相关资料，还要对备案资料进行审查，完成工程检查。消防机构实施的建设工程消防备案、抽查的行为能产生行政法上的拘束力。对建设单位而言，在工程竣工验收后应当到公安机关消防机构进行验收备案，否则，应当承担相应的行政责任，消防设施经依法抽查不合格的，应当停止使用，并组织整改；对公安机关消防机构而言，备案结果中有抽查是否合格的评定，实质上是一种行政确认行为，即公安机关消防机构对行政相对人的法律事实、法律关系予以认定、确认的行政行为，一旦消防设施被消防机构评定为合格，那就视为消防机构在事实上确认了消防工程质量合格，行政相关人也将受到该行为的拘束。  　　据此，法院认为作出建设工程消防验收备案通知，是对建设工程消防设施质量监督管理的最后环节，备案结果通知含有消防竣工验收是否合格的评定，具有行政确认的性质，是公安机关消防机构作出的具体行政行为。备案手续的完成能产生行政法上的拘束力。故备案行为是可诉的行政行为，人民法院可以对其进行司法审查。原审裁定认为建设工程消防验收备案结果通知性质属于技术性验收通知，不是具体行政行为，并据此驳回上诉人戴世华的起诉，确有不当。  　　（生效裁判审判人员：张极峰、孙继发、单蕾）,,,,,,,
201412_1524380,201412_1524380,宣懿成等诉浙江省衢州市国土资源局收回国有土地使用权案,2014/12/25 0:00,2014/12/26 9:10,行政机关作出具体行政行为时未引用具体法律条款，且在诉讼中不能证明该具体行政行为符合法律的具体规定，应当视为该具体行政行为没有法律依据，适用法律错误。,人民法院报第三版,"[""行政诉讼"",""举证责任"",""未引用具体法律条款"",""适用法律错误""]","{""id"":0,""title"":""行政"",""desc"":null}{""id"":1,""title"":""民事"",""desc"":null}{""id"":2,""title"":""刑事"",""desc"":null}",doc,doc,1024,0,null,null,null,null,null,关键词  　　行政诉讼 举证责任 未引用具体法律条款 适用法律错误  　　裁判要点  　　行政机关作出具体行政行为时未引用具体法律条款，且在诉讼中不能证明该具体行政行为符合法律的具体规定，应当视为该具体行政行为没有法律依据，适用法律错误。  　　相关法条  　　《中华人民共和国行政诉讼法》第三十二条  　　基本案情  　　原告宣懿成等18人系浙江省衢州市柯城区卫宁巷1号（原14号）衢州府山中学教工宿舍楼的住户。2002年12月9日，衢州市发展计划委员会根据第三人建设银行衢州分行（以下简称衢州分行）的报告，经审查同意衢州分行在原有的营业综合大楼东南侧扩建营业用房建设项目。同日，衢州市规划局制定建设项目选址意见，衢州分行为扩大营业用房等，拟自行收购、拆除占地面积为205平方米的府山中学教工宿舍楼，改建为露天停车场，具体按规划详图实施。18日，衢州市规划局又规划出衢州分行扩建营业用房建设用地平面红线图。20日，衢州市规划局发出建设用地规划许可证，衢州分行建设项目用地面积756平方米。25日，被告衢州市国土资源局（以下简称衢州市国土局）请示收回衢州府山中学教工宿舍楼住户的国有土地使用权187.6平方米，报衢州市人民政府审批同意。同月31日，衢州市国土局作出衢市国土(2002)37号《收回国有土地使用权通知》（以下简称《通知》），并告知宣懿成等18人其正在使用的国有土地使用权将收回及诉权等内容。该《通知》说明了行政决定所依据的法律名称，但没有对所依据的具体法律条款予以说明。原告不服，提起行政诉讼。  　　裁判结果  　　浙江省衢州市柯城区人民法院于2003年8月29日作出（2003）柯行初字第8号行政判决：撤销被告衢州市国土资源局2002年12月31日作出的衢市国土(2002)第37号《收回国有土地使用权通知》。宣判后，双方当事人均未上诉，判决已发生法律效力。  　　裁判理由  　　法院生效裁判认为：被告衢州市国土局作出《通知》时，虽然说明了该通知所依据的法律名称，但并未引用具体法律条款。在庭审过程中，被告辩称系依据《中华人民共和国土地管理法》（以下简称《土地管理法》）第五十八条第一款作出被诉具体行政行为。《土地管理法》第五十八条第一款规定：“有下列情况之一的，由有关人民政府土地行政主管部门报经原批准用地的人民政府或者有批准权的人民政府批准，可以收回国有土地使用权：(一)为公共利益需要使用土地的；(二)为实施城市规划进行旧城区改建，需要调整使用土地的；……” 衢州市国土局作为土地行政主管部门，有权依照《土地管理法》对辖区内国有土地的使用权进行管理和调整，但其行使职权时必须具有明确的法律依据。被告在作出《通知》时，仅说明是依据《土地管理法》及浙江省的有关规定作出的，但并未引用具体的法律条款，故其作出的具体行政行为没有明确的法律依据，属于适用法律错误。  　　本案中，衢州市国土局提供的衢州市发展计划委员会(2002)35号《关于同意扩建营业用房项目建设计划的批复》《建设项目选址意见书审批表》《建设银行衢州分行扩建营业用房建设用地规划红线图》等有关证据，难以证明其作出的《通知》符合《土地管理法》第五十八条第一款规定的“为公共利益需要使用土地”或“实施城市规划进行旧城区改造需要调整使用土地”的情形，主要证据不足，故被告主张其作出的《通知》符合《土地管理法》规定的理由不能成立。根据《中华人民共和国行政诉讼法》及其相关司法解释的规定，在行政诉讼中，被告对其作出的具体行政行为承担举证责任，被告不提供作出具体行政行为时的证据和依据的，应当认定该具体行政行为没有证据和依据。  　　综上，被告作出的收回国有土地使用权具体行政行为主要证据不足，适用法律错误，应予撤销。,,,,,,,
201412_1524376,201412_1524376,孙立兴诉天津新技术产业园区劳动人事局工伤认定案,2014/12/25 0:00,2014/12/26 9:07,"1.《工伤保险条例》第十四条第一项规定的“因工作原因""，是指职工受伤与其从事本职工作之间存在关联关系。",人民法院报第三版,"[""行政"",""工伤认定"",""工作原因"",""工作场所"",""工作过失""]","{""id"":0,""title"":""行政"",""desc"":null}{""id"":1,""title"":""民事"",""desc"":null}{""id"":2,""title"":""刑事"",""desc"":null}",doc,doc,1024,0,null,null,null,null,null,关键词  　　行政 工伤认定 工作原因 工作场所 工作过失  　　裁判要点  　　1.《工伤保险条例》第十四条第一项规定的“因工作原因”，是指职工受伤与其从事本职工作之间存在关联关系。  　　2.《工伤保险条例》第十四条第一项规定的“工作场所”，是指与职工工作职责相关的场所，有多个工作场所的，还包括工作时间内职工来往于多个工作场所之间的合理区域。  　　3.职工在从事本职工作中存在过失，不属于《工伤保险条例》第十六条规定的故意犯罪、醉酒或者吸毒、自残或者自杀情形，不影响工伤的认定。  　　相关法条  　　《工伤保险条例》第十四条第一项、第十六条  　　基本案情  　　原告孙立兴诉称：其在工作时间、工作地点、因工作原因摔倒致伤，符合《工伤保险条例》规定的情形。天津新技术产业园区劳动人事局（以下简称园区劳动局）不认定工伤的决定，认定事实错误，适用法律不当。请求撤销园区劳动局所作的《工伤认定决定书》，并判令园区劳动局重新作出工伤认定行为。  　　被告园区劳动局辩称：天津市中力防雷技术有限公司（以下简称中力公司）业务员孙立兴因公外出期间受伤，但受伤不是由于工作原因，而是由于本人注意力不集中，脚底踩空，才在下台阶时摔伤。其受伤结果与其所接受的工作任务没有明显的因果关系，故孙立兴不符合《工伤保险条例》规定的应当认定为工伤的情形。园区劳动局作出的不认定工伤的决定，事实清楚，证据充分，程序合法，应予维持。  　　第三人中力公司述称：因本公司实行末位淘汰制，孙立兴事发前已被淘汰。但因其原从事本公司的销售工作，还有收回剩余货款的义务，所以才偶尔回公司打电话。事发时，孙立兴已不属于本公司职工，也不是在本公司工作场所范围内摔伤，不符合认定工伤的条件。  　　法院经审理查明：孙立兴系中力公司员工，2003年6月10日上午受中力公司负责人指派去北京机场接人。其从中力公司所在地天津市南开区华苑产业园区国际商业中心（以下简称商业中心）八楼下楼，欲到商业中心院内停放的红旗轿车处去开车，当行至一楼门口台阶处时，孙立兴脚下一滑，从四层台阶处摔倒在地面上，造成四肢不能活动。经医院诊断为颈髓过伸位损伤合并颈部神经根牵拉伤、上唇挫裂伤、左手臂擦伤、左腿皮擦伤。孙立兴向园区劳动局提出工伤认定申请，园区劳动局于2004年3月5日作出（2004）0001号《工伤认定决定书》，认为根据受伤职工本人的工伤申请和医疗诊断证明书，结合有关调查材料，依据《工伤保险条例》第十四条第五项的工伤认定标准，没有证据表明孙立兴的摔伤事故系由工作原因造成，决定不认定孙立兴摔伤事故为工伤事故。孙立兴不服园区劳动局《工伤认定决定书》，向天津市第一中级人民法院提起行政诉讼。  　　裁判结果  　　天津市第一中级人民法院于2005年3月23日作出（2005）一中行初字第39号行政判决：一、撤销园区劳动局所作（2004）0001号《工伤认定决定书》；二、限园区劳动局在判决生效后60日内重新作出具体行政行为。园区劳动局提起上诉，天津市高级人民法院于2005年7月11日作出（2005）津高行终字第0034号行政判决：驳回上诉，维持原判。  　　裁判理由  　　法院生效裁判认为：各方当事人对园区劳动局依法具有本案行政执法主体资格和法定职权，其作出被诉工伤认定决定符合法定程序，以及孙立兴是在工作时间内摔伤，均无异议。本案争议焦点包括：一是孙立兴摔伤地点是否属于其“工作场所”？二是孙立兴是否“因工作原因”摔伤？三是孙立兴工作过程中不够谨慎的过失是否影响工伤认定？  　　一、关于孙立兴摔伤地点是否属于其“工作场所”问题  　　《工伤保险条例》第十四条第一项规定，职工在工作时间和工作场所内，因工作原因受到事故伤害，应当认定为工伤。该规定中的“工作场所”，是指与职工工作职责相关的场所，在有多个工作场所的情形下，还应包括职工来往于多个工作场所之间的合理区域。本案中，位于商业中心八楼的中力公司办公室，是孙立兴的工作场所，而其完成去机场接人的工作任务需驾驶的汽车停车处，是孙立兴的另一处工作场所。汽车停在商业中心一楼的门外，孙立兴要完成开车任务，必须从商业中心八楼下到一楼门外停车处，故从商业中心八楼到停车处是孙立兴来往于两个工作场所之间的合理区域，也应当认定为孙立兴的工作场所。园区劳动局认为孙立兴摔伤地点不属于其工作场所，系将完成工作任务的合理路线排除在工作场所之外，既不符合立法本意，也有悖于生活常识。  　　二、关于孙立兴是否“因工作原因”摔伤的问题  　　《工伤保险条例》第十四条第一项规定的“因工作原因”，指职工受伤与其从事本职工作之间存在关联关系，即职工受伤与其从事本职工作存在一定关联。孙立兴为完成开车接人的工作任务，必须从商业中心八楼的中力公司办公室下到一楼进入汽车驾驶室，该行为与其工作任务密切相关，是孙立兴为完成工作任务客观上必须进行的行为，不属于超出其工作职责范围的其他不相关的个人行为。因此，孙立兴在一楼门口台阶处摔伤，系为完成工作任务所致。园区劳动局主张孙立兴在下楼过程中摔伤，与其开车任务没有直接的因果关系，不符合“因工作原因”致伤，缺乏事实根据。另外，孙立兴接受本单位领导指派的开车接人任务后，从中力公司所在商业中心八楼下到一楼，在前往院内汽车停放处的途中摔倒，孙立兴当时尚未离开公司所在院内，不属于“因公外出”的情形，而是属于在工作时间和工作场所内。  　　三、关于孙立兴工作中不够谨慎的过失是否影响工伤认定的问题  　　《工伤保险条例》第十六条规定了排除工伤认定的三种法定情形，即因故意犯罪、醉酒或者吸毒、自残或者自杀的，不得认定为工伤或者视同工伤。职工从事工作中存在过失，不属于上述排除工伤认定的法定情形，不能阻却职工受伤与其从事本职工作之间的关联关系。工伤事故中，受伤职工有时具有疏忽大意、精力不集中等过失行为，工伤保险正是分担事故风险、提供劳动保障的重要制度。如果将职工个人主观上的过失作为认定工伤的排除条件，违反工伤保险“无过失补偿”的基本原则，不符合《工伤保险条例》保障劳动者合法权益的立法目的。据此，即使孙立兴工作中在行走时确实有失谨慎，也不影响其摔伤系“因工作原因”的认定结论。园区劳动局以导致孙立兴摔伤的原因不是雨、雪天气使台阶地滑，而是因为孙立兴自己精力不集中导致为由，主张孙立兴不属于“因工作原因”摔伤而不予认定工伤，缺乏法律依据。  　　综上，园区劳动局作出的不予认定孙立兴为工伤的决定，缺乏事实根据，适用法律错误，依法应予撤销。,,,,,,,
201412_1524367,201412_1524367,"何小强诉华中科技大学拒绝授予学位案
",2014/12/25 0:00,2014/12/26 9:02,1.具有学位授予权的高等学校，有权对学位申请人提出的学位授予申请进行审查并决定是否授予其学位。申请人对高等学校不授予其学位的决定不服提起行政诉讼的，人民法院应当依法受理。,人民法院报第二版,"[""行政诉讼"",""学位授予"",""高等学校"",""学术自治""]","{""id"":0,""title"":""行政"",""desc"":null}{""id"":1,""title"":""民事"",""desc"":null}{""id"":2,""title"":""刑事"",""desc"":null}",doc,doc,1024,0,null,null,null,null,null,关键词  　　行政诉讼 学位授予 高等学校 学术自治  　　裁判要点  　　1.具有学位授予权的高等学校，有权对学位申请人提出的学位授予申请进行审查并决定是否授予其学位。申请人对高等学校不授予其学位的决定不服提起行政诉讼的，人民法院应当依法受理。  　　2.高等学校依照《中华人民共和国学位条例暂行实施办法》的有关规定，在学术自治范围内制定的授予学位的学术水平标准，以及据此标准作出的是否授予学位的决定，人民法院应予支持。  　　相关法条  　　1.《中华人民共和国学位条例》第四条、第八条第一款  　　2.《中华人民共和国学位条例暂行实施办法》第二十五条  　　基本案情  　　原告何小强系第三人华中科技大学武昌分校（以下简称武昌分校）2003级通信工程专业的本科毕业生。武昌分校是独立的事业单位法人，无学士学位授予资格。根据国家对民办高校学士学位授予的相关规定和双方协议约定，被告华中科技大学同意对武昌分校符合学士学位条件的本科毕业生授予学士学位，并在协议附件载明《华中科技大学武昌分校授予本科毕业生学士学位实施细则》。其中第二条规定“凡具有我校学籍的本科毕业生，符合本《实施细则》中授予条件者，均可向华中科技大学学位评定委员会申请授予学士学位”，第三条规定“……达到下述水平和要求，经学术评定委员会审核通过者，可授予学士学位。……（三）通过全国大学英语四级统考”。 2006年12月，华中科技大学作出《关于武昌分校、文华学院申请学士学位的规定》，规定通过全国大学外语四级考试是非外国语专业学生申请学士学位的必备条件之一。  　　2007年6月30日，何小强获得武昌分校颁发的《普通高等学校毕业证书》，由于其本科学习期间未通过全国英语四级考试，武昌分校根据上述《实施细则》，未向华中科技大学推荐其申请学士学位。8月26日，何小强向华中科技大学和武昌分校提出授予工学学士学位的申请。2008年5月21日，武昌分校作出书面答复，因何小强没有通过全国大学英语四级考试，不符合授予条件，华中科技大学不能授予其学士学位。  　　裁判结果  　　湖北省武汉市洪山区人民法院于2008年12月18日作出（2008）洪行初字第81号行政判决，驳回原告何小强要求被告华中科技大学为其颁发工学学士学位的诉讼请求。湖北省武汉市中级人民法院于2009年5月31日作出（2009）武行终字第61号行政判决，驳回上诉，维持原判。  　　裁判理由  　　法院生效裁判认为：本案争议焦点主要涉及被诉行政行为是否可诉、是否合法以及司法审查的范围问题。  　　一、被诉行政行为具有可诉性。根据《中华人民共和国学位条例》等法律、行政法规的授权，被告华中科技大学具有审查授予普通高校学士学位的法定职权。依据《中华人民共和国学位条例暂行实施办法》第四条第二款“非授予学士学位的高等院校，对达到学士学术水平的本科毕业生，应当由系向学校提出名单，经学校同意后，由学校就近向本系统、本地区的授予学士学位的高等院校推荐。授予学士学位的高等院校有关的系，对非授予学士学位的高等院校推荐的本科毕业生进行审查考核，认为符合本暂行办法及有关规定的，可向学校学位评定委员会提名，列入学士学位获得者名单”，以及国家促进民办高校办学政策的相关规定，华中科技大学有权按照与民办高校的协议，对于符合本校学士学位授予条件的民办高校本科毕业生经审查合格授予普通高校学士学位。  　　本案中，第三人武昌分校是未取得学士学位授予资格的民办高校，该院校与华中科技大学签订合作办学协议约定，武昌分校对该校达到学士学术水平的本科毕业生，向华中科技大学推荐，由华中科技大学审核是否授予学士学位。依据《中华人民共和国学位条例暂行实施办法》的规定和华中科技大学与武昌分校之间合作办学协议，华中科技大学具有对武昌分校推荐的应届本科毕业生进行审查和决定是否颁发学士学位的法定职责。武昌分校的本科毕业生何小强以华中科技大学在收到申请之日起六十日内未授予其工学学士学位，向人民法院提起行政诉讼，符合《最高人民法院关于执行〈中华人民共和国行政诉讼法〉若干问题的解释》第三十九条第一款的规定。因此，华中科技大学是本案适格的被告，何小强对华中科技大学不授予其学士学位不服提起诉讼的，人民法院应当依法受理。  　　二、被告制定的《华中科技大学武昌分校授予本科毕业生学士学位实施细则》第三条的规定符合上位法规定。《中华人民共和国学位条例》第四条规定：“高等学校本科毕业生，成绩优良，达到下述学术水平者，授予学士学位：（一）较好地掌握本门学科的基础理论、专门知识和基本技能……”。《中华人民共和国学位条例暂行实施办法》第二十五条规定：“学位授予单位可根据本暂行条例实施办法，制定本单位授予学位的工作细则。”该办法赋予学位授予单位在不违反《中华人民共和国学位条例》所规定授予学士学位基本原则的基础上，在学术自治范围内制定学士学位授予标准的权力和职责，华中科技大学在此授权范围内将全国大学英语四级考试成绩与学士学位挂钩，属于学术自治的范畴。高等学校依法行使教学自主权，自行对其所培养的本科生教育质量和学术水平作出具体的规定和要求，是对授予学士学位的标准的细化，并没有违反《中华人民共和国学位条例》第四条和《中华人民共和国学位条例暂行实施办法》第二十五条的原则性规定。因此，何小强因未通过全国大学英语四级考试不符合华中科技大学学士学位的授予条件，武昌分校未向华中科技大学推荐其申请授予学士学位，故华中科技大学并不存在不作为的事实，对何小强的诉讼请求不予支持。  　　三、对学校授予学位行为的司法审查以合法性审查为原则。各高等学校根据自身的教学水平和实际情况在法定的基本原则范围内确定各自学士学位授予的学术水平衡量标准，是学术自治原则在高等学校办学过程中的具体体现。在符合法律法规规定的学位授予条件前提下，确定较高的学士学位授予学术标准或适当放宽学士学位授予学术标准，均应由各高等学校根据各自的办学理念、教学实际情况和对学术水平的理想追求自行决定。对学士学位授予的司法审查不能干涉和影响高等学校的学术自治原则，学位授予类行政诉讼案件司法审查的范围应当以合法性审查为基本原则。,,,,,,,
201408_1367919,201408_1367919,张成兵诉上海市松江区人力资源和社会保障局工伤认定行政案,2014/8/20 0:00,2014/8/20 11:03,南通六建公司系国基电子（上海）有限公司A7厂房工程的承包人，其以《油漆承揽合同》的形式将油漆工程分包给自然人李某某，约定李某某所雇人员应当接受南通六建公司管理。李某某又将部分油漆工程转包给自然人王某某，王某某招用张成兵进行油漆施工。,最高人民法院,"[""人力"",""工伤""]","{""id"":0,""title"":""行政"",""desc"":null}{""id"":1,""title"":""民事"",""desc"":null}{""id"":2,""title"":""刑事"",""desc"":null}",doc,doc,1024,0,null,null,null,null,null,（一）基本案情  　　南通六建公司系国基电子（上海）有限公司A7厂房工程的承包人，其以《油漆承揽合同》的形式将油漆工程分包给自然人李某某，约定李某某所雇人员应当接受南通六建公司管理。李某某又将部分油漆工程转包给自然人王某某，王某某招用张成兵进行油漆施工。李某某和王某某均无用工主体资格，也无承揽油漆工程的相应资质。2008年3月10日，张成兵在进行油漆施工中不慎受伤。11月10日，松江区劳动仲裁委员会裁决确定张成兵与南通六建公司之间存在劳动关系，但该裁决书未送达南通六建公司。12月29日，张成兵提出工伤认定申请，并提交了劳动仲裁裁决书。上海市松江区人力资源和社会保障局立案审查后，认为张成兵受伤符合工伤认定条件，且南通六建公司经告知，未就张成兵所受伤害是否应被认定为工伤进行举证。上海市松江区人力资源和社会保障局遂于2009年2月19日认定张成兵受伤为工伤。南通六建公司不服，经复议未果，遂起诉请求撤销上海市松江区人力资源和社会保障局作出的工伤认定。  　　（二）裁判结果  　　经上海市松江区人民法院一审，上海市第一中级人民法院二审认为，根据劳社部发〔2005〕12号《劳动和社会保障部关于确立劳动关系有关事项的通知》第四条规定，建筑施工、矿山企业等用人单位将工程（业务）或经营权发包给不具备用工主体资格的组织或自然人，对该组织或自然人招用的劳动者，由具备用工主体资格的发包方承担用工主体责任。本案中，南通六建公司作为建筑施工单位将油漆工程发包给无用工主体资格的自然人李某某，约定李某某所雇用的人员应服从南通六建公司管理。后李某某又将部分油漆工程再发包给王某某，并由王某某招用了上诉人张成兵进行油漆施工。上海市松江区人力资源和社会保障局依据上述规定及事实认定上诉人与被上诉人具有劳动关系的理由成立。根据《工伤保险条例》规定，张成兵在江苏南通六建建设集团有限公司承建的厂房建设项目中进行油漆施工不慎受到事故伤害，属于工伤认定范围。据此，维持上海市松江区人力资源和社会保障局作出被诉工伤认定的具体行政行为。,,,,,,,
201401_1209342,201401_1209342,李健雄诉广东省交通运输厅政府信息公开案,2014/1/26 0:00,2014/1/29 8:38,公民、法人或者其他组织通过政府公众网络系统向行政机关提交政府信息公开申请的，如该网络系统未作例外说明，则系统确认申请提交成功的日期应当视为行政机关收到政府信息公开申请之日。行政机关对于该申请的内部处理流程，不能成为行政机关延期处理的理由，逾期作出答复的，应当确认为违法。,最高人民法院,"[""行政"",""政府信息公开""，“网络申请“，""逾期答复“]","{""id"":0,""title"":""行政"",""desc"":null}{""id"":1,""title"":""民事"",""desc"":null}{""id"":2,""title"":""刑事"",""desc"":null}",doc,doc,1024,0,null,null,null,null,null,关键词  　　行政　政府信息公开　网络申请　逾期答复  　　裁判要点  　　公民、法人或者其他组织通过政府公众网络系统向行政机关提交政府信息公开申请的，如该网络系统未作例外说明，则系统确认申请提交成功的日期应当视为行政机关收到政府信息公开申请之日。行政机关对于该申请的内部处理流程，不能成为行政机关延期处理的理由，逾期作出答复的，应当确认为违法。  　　相关法条  　　《中华人民共和国政府信息公开条例》第二十四条  　　基本案情  　　原告李健雄诉称：其于2011年6月1日通过广东省人民政府公众网络系统向被告广东省交通运输厅提出政府信息公开申请，根据《中华人民共和国政府信息公开条例》（以下简称《政府信息公开条例》）第二十四条第二款的规定，被告应在当月23日前答复原告，但被告未在法定期限内答复及提供所申请的政府信息，故请求法院判决确认被告未在法定期限内答复的行为违法。  　　被告广东省交通运输厅辩称：原告申请政府信息公开通过的是广东省人民政府公众网络系统，即省政府政务外网（以下简称省外网），而非被告的内部局域网（以下简称厅内网）。按规定，被告将广东省人民政府“政府信息网上依申请公开系统”的后台办理设置在厅内网。由于被告的厅内网与互联网、省外网物理隔离，互联网、省外网数据都无法直接进入厅内网处理，需通过网闸以数据“摆渡”方式接入厅内网办理，因此被告工作人员未能立即发现原告在广东省人民政府公众网络系统中提交的申请，致使被告未能及时受理申请。根据《政府信息公开条例》第二十四条、《国务院办公厅关于做好施行〈中华人民共和国政府信息公开条例〉准备工作的通知》等规定，政府信息公开中的申请受理并非以申请人提交申请为准，而是以行政机关收到申请为准。原告称2011年6月1日向被告申请政府信息公开，但被告未收到该申请，被告正式收到并确认受理的日期是7月28日，并按规定向原告发出了《受理回执》。8月4日，被告向原告当场送达《关于政府信息公开的答复》和《政府信息公开答复书》，距离受理日仅5个工作日，并未超出法定答复期限。因原告在政府公众网络系统递交的申请未能被及时发现并被受理应视为不可抗力和客观原因造成，不应计算在答复期限内，故请求法院依法驳回原告的诉讼请求。  　　法院经审理查明：2011年6月1日，原告李健雄通过广东省人民政府公众网络系统向被告广东省交通运输厅递交了政府信息公开申请，申请获取广州广园客运站至佛冈的客运里程数等政府信息。政府公众网络系统以申请编号11060100011予以确认，并通过短信通知原告确认该政府信息公开申请提交成功。7月28日，被告作出受理记录确认上述事实，并于8月4日向原告送达《关于政府信息公开的答复》和《政府信息公开答复书》。庭审中被告确认原告基于生活生产需要获取上述信息，原告确认8月4日收到被告作出的《关于政府信息公开的答复》和《政府信息公开答复书》。  　　裁判结果  　　广州市越秀区人民法院于2011年8月24日作出（2011）越法行初字第252号行政判决：确认被告广东省交通运输厅未依照《政府信息公开条例》第二十四条规定的期限对原告李健雄2011年6月1日申请其公开广州广园客运站至佛冈客运里程数的政府信息作出答复违法。  　　裁判理由  　　法院生效裁判认为：《政府信息公开条例》第二十四条规定：“行政机关收到政府信息公开申请，能够当场答复的，应当当场予以答复。行政机关不能当场答复的，应当自收到申请之日起15个工作日内予以答复；如需延长答复期限的，应当经政府信息公开工作机构负责人同意，并告知申请人，延长答复的期限最长不得超过15个工作日。”本案原告于2011年6月1日通过广东省人民政府公众网络系统向被告提交了政府信息公开申请，申请公开广州广园客运站至佛冈的客运里程数。政府公众网络系统生成了相应的电子申请编号，并向原告手机发送了申请提交成功的短信。被告确认收到上述申请并认可原告是基于生活生产需要获取上述信息，却于2011年8月4日才向原告作出《关于政府信息公开的答复》和《政府信息公开答复书》，已超过了上述规定的答复期限。由于广东省人民政府“政府信息网上依申请公开系统”作为政府信息申请公开平台所应当具有的整合性与权威性，如未作例外说明，则从该平台上递交成功的申请应视为相关行政机关已收到原告通过互联网提出的政府信息公开申请。至于外网与内网、上下级行政机关之间对于该申请的流转，属于行政机关内部管理事务，不能成为行政机关延期处理的理由。被告认为原告是向政府公众网络系统提交的申请，因其厅内网与互联网、省外网物理隔离而无法及时发现原告申请，应以其2011年7月28日发现原告申请为收到申请日期而没有超过答复期限的理由不能成立。因此，原告通过政府公众网络系统提交政府信息公开申请的，该网络系统确认申请提交成功的日期应当视为被告收到申请之日，被告逾期作出答复的，应当确认为违法。,,,,,,,
201311_1150468,201311_1150468,魏永高、陈守志诉来安县人民政府收回土地使用权批复案,2013/11/8 0:00,2013/11/26 9:00,地方人民政府对其所属行政管理部门的请示作出的批复，一般属于内部行政行为，不可对此提起诉讼。但行政管理部门直接将该批复付诸实施并对行政相对人的权利义务产生了实际影响，行政相对人对该批复不服提起诉讼的，人民法院应当依法受理。,最高人民法院,"[""行政诉讼"",""受案范围"",""批复""]","{""id"":0,""title"":""行政"",""desc"":null}{""id"":1,""title"":""民事"",""desc"":null}{""id"":2,""title"":""刑事"",""desc"":null}",doc,doc,1024,0,null,null,null,null,null,关键词  　　行政诉讼　受案范围　批复  　　裁判要点  　　地方人民政府对其所属行政管理部门的请示作出的批复，一般属于内部行政行为，不可对此提起诉讼。但行政管理部门直接将该批复付诸实施并对行政相对人的权利义务产生了实际影响，行政相对人对该批复不服提起诉讼的，人民法院应当依法受理。  　　相关法条  　　《中华人民共和国行政诉讼法》第十一条  　　基本案情  　　2010年8月31日，安徽省来安县国土资源和房产管理局向来安县人民政府报送《关于收回国有土地使用权的请示》，请求收回该县永阳东路与塔山中路部分地块土地使用权。9月6日，来安县人民政府作出《关于同意收回永阳东路与塔山中路部分地块国有土地使用权的批复》。来安县国土资源和房产管理局收到该批复后，没有依法制作并向原土地使用权人送达收回土地使用权决定，而直接交由来安县土地储备中心付诸实施。魏永高、陈守志的房屋位于被收回使用权的土地范围内，其对来安县人民政府收回国有土地使用权批复不服，提起行政复议。2011年9月20日，滁州市人民政府作出《行政复议决定书》，维持来安县人民政府的批复。魏永高、陈守志仍不服，提起行政诉讼，请求人民法院撤销来安县人民政府上述批复。  　　裁判结果  　　滁州市中级人民法院于2011年12月23日作出（2011）滁行初字第6号行政裁定：驳回魏永高、陈守志的起诉。魏永高、陈守志提出上诉，安徽省高级人民法院于2012年9月10日作出（2012）皖行终字第14号行政裁定：一、撤销滁州市中级人民法院（2011）滁行初字第6号行政裁定；二、指令滁州市中级人民法院继续审理本案。  　　裁判理由  　　法院生效裁判认为：根据《土地储备管理办法》和《安徽省国有土地储备办法》以收回方式储备国有土地的程序规定，来安县国土资源行政主管部门在来安县人民政府作出批准收回国有土地使用权方案批复后，应当向原土地使用权人送达对外发生法律效力的收回国有土地使用权通知。来安县人民政府的批复属于内部行政行为，不向相对人送达，对相对人的权利义务尚未产生实际影响，一般不属于行政诉讼的受案范围。但本案中，来安县人民政府作出批复后，来安县国土资源行政主管部门没有制作并送达对外发生效力的法律文书，即直接交来安县土地储备中心根据该批复实施拆迁补偿安置行为，对原土地使用权人的权利义务产生了实际影响；原土地使用权人也通过申请政府信息公开知道了该批复的内容，并对批复提起了行政复议，复议机关作出复议决定时也告知了诉权，该批复已实际执行并外化为对外发生法律效力的具体行政行为。因此，对该批复不服提起行政诉讼的，人民法院应当依法受理。,,,,,,,
201311_1150432,201311_1150432,内蒙古秋实房地产开发有限责任公司诉呼和浩特市人民防空办公室人防行政征收案,2013/11/8 0:00,2013/11/26 8:50,"建设单位违反人民防空法及有关规定，应当建设防空地下室而不建的，属于不履行法定义务的违法行为。建设单位应当依法缴纳防空地下室易地建设费的，不适用廉租住房和经济适用住房等保障性住房建设项目关于“免收城市基础设施配套费等各种行政事业性收费""的规定。",最高人民法院,"[""行政"",""人防"",""行政征收"",""防空地下室"",""易地建设费""]","{""id"":0,""title"":""行政"",""desc"":null}{""id"":1,""title"":""民事"",""desc"":null}{""id"":2,""title"":""刑事"",""desc"":null}",doc,doc,1024,0,null,null,null,null,null,关键词  　　行政　人防　行政征收　防空地下室　易地建设费  　　裁判要点  　　建设单位违反人民防空法及有关规定，应当建设防空地下室而不建的，属于不履行法定义务的违法行为。建设单位应当依法缴纳防空地下室易地建设费的，不适用廉租住房和经济适用住房等保障性住房建设项目关于“免收城市基础设施配套费等各种行政事业性收费”的规定。  　　相关法条  　　《中华人民共和国人民防空法》第二十二条、第四十八条  　　基本案情  　　2008年9月10日，被告呼和浩特市人民防空办公室（以下简称呼市人防办）向原告内蒙古秋实房地产开发有限责任公司（以下简称秋实房地产公司）送达《限期办理“结建”审批手续告知书》，告知秋实房地产公司新建的经济适用住房“秋实第一城”住宅小区工程未按照《中华人民共和国人民防空法》第二十二条、《人民防空工程建设管理规定》第四十五条、第四十七条的规定，同时修建战时可用于防空的地下室，要求秋实房地产公司9月14日前到呼市人防办办理“结建”手续，并提交相关资料。2009年6月18日，呼市人防办对秋实房地产公司作出呼人防征费字(001)号《呼和浩特市人民防空办公室征收防空地下室易地建设费决定书》，决定对秋实房地产公司的“秋实第一城”项目征收“防空地下室易地建设费”172.46万元。秋实房地产公司对“秋实第一城”项目应建防空地下室5518平方米而未建无异议，对呼市人防办作出征费决定的程序合法无异议。  　　裁判结果  　　内蒙古自治区呼和浩特市新城区人民法院于2010年1月19日作出（2009）新行初字第26号行政判决：维持呼市人防办作出的呼人防征费字(001)号《呼和浩特市人民防空办公室征收防空地下室易地建设费决定书》。宣判后，秋实房地产公司提起上诉。呼和浩特市中级人民法院于2010年4月20日作出（2010）呼行终字第16号行政判决：驳回上诉，维持原判。  　　裁判理由  　　法院生效裁判认为：国务院《关于解决城市低收入家庭住房困难的若干意见》第十六条规定“廉租住房和经济适用住房建设、棚户区改造、旧住宅区整治一律免收城市基础设施配套费等各种行政事业性收费和政府性基金”。建设部等七部委《经济适用住房管理办法》第八条规定“经济适用住房建设项目免收城市基础设施配套费等各种行政事业性收费和政府性基金”。上述关于经济适用住房等保障性住房建设项目免收各种行政事业性收费的规定，虽然没有明确其调整对象，但从立法本意来看，其指向的对象应是合法建设行为。人民防空法第二十二条规定“城市新建民用建筑，按照国家有关规定修建战时可用于防空的地下室”。《人民防空工程建设管理规定》第四十八条规定“按照规定应当修建防空地下室的民用建筑，因地质、地形等原因不宜修建的，或者规定应建面积小于民用建筑地面首层建筑面积的，经人民防空主管部门批准，可以不修建，但必须按照应修建防空地下室面积所需造价缴纳易地建设费，由人民防空主管部门就近易地修建”。即只有在法律法规规定不宜修建防空地下室的情况下，经济适用住房等保障性住房建设项目才可以不修建防空地下室，并适用免除缴纳防空地下室易地建设费的有关规定。免缴防空地下室易地建设费有关规定适用的对象不应包括违法建设行为，否则就会造成违法成本小于守法成本的情形，违反立法目的，不利于维护国防安全和人民群众的根本利益。秋实房地产公司对依法应当修建的防空地下室没有修建，属于不履行法定义务的违法行为，不能适用免缴防空地下室易地建设费的有关优惠规定。,,,,,,,
201204_478574,201204_478574,黄泽富、何伯琼、何熠诉四川省成都市金堂工商行政管理局行政处罚案,2012/4/9 0:00,2012/4/16 9:47,行政机关作出没收较大数额涉案财产的行政处罚决定时，未告知当事人有要求举行听证的权利或者未依法举行听证的，人民法院应当依法认定该行政处罚违反法定程序。,最高人民法院,"[""行政诉讼"",""行政处罚"",""没收较大数额财产"",""听证程序""]","{""id"":0,""title"":""行政"",""desc"":null}{""id"":1,""title"":""民事"",""desc"":null}{""id"":2,""title"":""刑事"",""desc"":null}",doc,doc,1024,0,null,null,null,null,null,关键词  　　行政诉讼 行政处罚 没收较大数额财产 听证程序  　　裁判要点  　　行政机关作出没收较大数额涉案财产的行政处罚决定时，未告知当事人有要求举行听证的权利或者未依法举行听证的，人民法院应当依法认定该行政处罚违反法定程序。  　　相关法条  　　《中华人民共和国行政处罚法》第四十二条  　　基本案情  　　原告黄泽富、何伯琼、何熠诉称：被告四川省成都市金堂工商行政管理局（简称金堂工商局）行政处罚行为违法，请求人民法院依法撤销成工商金堂处字（2005）第02026号《行政处罚决定书》，返还电脑主机33台。  　　被告金堂工商局辩称：原告违法经营行为应当受到行政处罚，对其进行行政处罚的事实清楚、证据确实充分、程序合法、处罚适当；所扣留的电脑主机是32台而非33台。  　　法院经审理查明：2003年12月20日，四川省金堂县图书馆与原告何伯琼之夫黄泽富联办多媒体电子阅览室。经双方协商，由黄泽富出资金和场地，每年向金堂县图书馆缴管理费2400元。2004年4月2日，黄泽富以其子何熠的名义开通了ADSL84992722（期限到2005年6月30日），在金堂县赵镇桔园路一门面房挂牌开业。4月中旬，金堂县文体广电局市场科以整顿网吧为由要求其停办。经金堂县图书馆与黄泽富协商，金堂县图书馆于5月中旬退还黄泽富2400元管理费，摘除了“金堂县图书馆多媒体电子阅览室”的牌子。2005年6月2日，金堂工商局会同金堂县文体广电局、金堂县公安局对原告金堂县赵镇桔园路门面房进行检查时发现，金堂实验中学初一学生叶某、杨某、郑某和数名成年人在上网游戏。原告未能出示《网络文化经营许可证》和营业执照。金堂工商局按照《互联网上网服务营业场所管理条例》第二十七条“擅自设立互联网上网服务营业场所，或者擅自从事互联网上网服务经营活动的，由工商行政管理部门或者由工商行政管理部门会同公安机关依法予以取缔，查封其从事违法经营活动的场所，扣押从事违法经营活动的专用工具、设备”的规定，以成工商金堂扣字(2005)第02747号《扣留财物通知书》决定扣留原告的32台电脑主机。何伯琼对该扣押行为及扣押电脑主机数量有异议遂诉至法院，认为实际扣押了其33台电脑主机，并请求撤销该《扣留财物通知书》。2005年10月8日金堂县人民法院作出（2005）金堂行初字第13号《行政判决书》，维持了成工商金堂扣字(2005)第02747号《扣留财物通知书》，但同时确认金堂工商局扣押了何伯琼33台电脑主机。同年10月12日，金堂工商局以原告的行为违反了《互联网上网服务营业场所管理条例》第七条、第二十七条的规定作出了成工商金堂处字（2005）第02026号《行政处罚决定书》，决定“没收在何伯琼商业楼扣留的从事违法经营活动的电脑主机32台”。  　　裁判结果  　　四川省金堂县人民法院于2006年5月25日作出（2006)金堂行初字第3号行政判决：一、撤销成工商金堂处字（2005）第02026号《行政处罚决定书》；二、金堂工商局在判决生效之日起30日内重新作出具体行政行为；三、金堂工商局在本判决生效之日起15日内履行超期扣留原告黄泽富、何伯琼、何熠的电脑主机33台所应履行的法定职责。宣判后，金堂工商局向四川省成都市中级人民法院提起上诉。成都市中级人民法院于2006年9月28日以同样的事实作出（2006）成行终字第228号行政判决，撤销一审行政判决第三项，对其他判项予以维持。  　　裁判理由  　　法院生效裁判认为：《中华人民共和国行政处罚法》第四十二条规定：“行政机关作出责令停产停业、吊销许可证或者执照、较大数额罚款等行政处罚决定之前，应当告知当事人有要求举行听证的权利。”虽然该条规定没有明确列举“没收财产”，但是该条中的“等”系不完全列举，应当包括与明文列举的“责令停产停业、吊销许可证或者执照、较大数额罚款”类似的其他对相对人权益产生较大影响的行政处罚。为了保证行政相对人充分行使陈述权和申辩权，保障行政处罚决定的合法性和合理性，对没收较大数额财产的行政处罚，也应当根据行政处罚法第四十二条的规定适用听证程序。关于没收较大数额的财产标准，应比照《四川省行政处罚听证程序暂行规定》第三条“本规定所称较大数额的罚款，是指对非经营活动中的违法行为处以1000元以上，对经营活动中的违法行为处以20000元以上罚款”中对罚款数额的规定。因此，金堂工商局没收黄泽富等三人32台电脑主机的行政处罚决定，应属没收较大数额的财产，对黄泽富等三人的利益产生重大影响的行为，金堂工商局在作出行政处罚前应当告知被处罚人有要求听证的权利。本案中，金堂工商局在作出处罚决定前只按照行政处罚一般程序告知黄泽富等三人有陈述、申辩的权利，而没有告知听证权利，违反了法定程序，依法应予撤销。,,,,,,,
201204_478572,201204_478572,鲁潍（福建）盐业进出口有限公司苏州分公司诉江苏省苏州市盐务管理局盐业行政处罚案,2012/4/9 0:00,2012/4/16 9:35,1.盐业管理的法律、行政法规没有设定工业盐准运证的行政许可，地方性法规或者地方政府规章不能设定工业盐准运证这一新的行政许可。,最高人民法院,"[""行政"",""行政许可"",""规章参照"",""盐业管理""]","{""id"":0,""title"":""行政"",""desc"":null}{""id"":1,""title"":""民事"",""desc"":null}{""id"":2,""title"":""刑事"",""desc"":null}",doc,doc,1024,0,null,null,null,null,null,关键词  　　行政 行政许可 行政处罚 规章参照 盐业管理  　　裁判要点  　　1.盐业管理的法律、行政法规没有设定工业盐准运证的行政许可，地方性法规或者地方政府规章不能设定工业盐准运证这一新的行政许可。  　　2.盐业管理的法律、行政法规对盐业公司之外的其他企业经营盐的批发业务没有设定行政处罚，地方政府规章不能对该行为设定行政处罚。  　　3.地方政府规章违反法律规定设定许可、处罚的，人民法院在行政审判中不予适用。  　　相关法条  　　1.《中华人民共和国行政许可法》第十五条第一款、第十六条第二款、第三款  　　2.《中华人民共和国行政处罚法》第十三条  　　3.《中华人民共和国行政诉讼法》第五十三条第一款  　　《中华人民共和国立法法》第七十九条  　　基本案情  　　原告鲁潍（福建）盐业进出口有限公司苏州分公司（简称鲁潍公司）诉称：被告江苏省苏州市盐务管理局（简称苏州盐务局）根据《江苏省〈盐业管理条例〉实施办法》（简称《江苏盐业实施办法》）的规定，认定鲁潍公司未经批准购买、运输工业盐违法，并对鲁潍公司作出行政处罚，其具体行政行为执法主体错误、适用法律错误。苏州盐务局无权管理工业盐，也无相应执法权。根据原国家计委、原国家经贸委《关于改进工业盐供销和价格管理办法的通知》等规定，国家取消了工业盐准运证和准运章制度，工业盐也不属于国家限制买卖的物品。《江苏盐业实施办法》的相关规定与上述规定精神不符，不仅违反了国务院《关于禁止在市场经济活动中实行地区封锁的规定》，而且违反了《中华人民共和国行政许可法》（简称《行政许可法》）和《中华人民共和国行政处罚法》（简称《行政处罚法》）的规定，属于违反上位法设定行政许可和处罚，故请求法院判决撤销苏州盐务局作出的（苏）盐政一般[2009]第001-B号处罚决定。  　　被告苏州盐务局辩称：根据国务院《盐业管理条例》第四条和《江苏盐业实施办法》第四条的规定，苏州盐务局有作出盐务行政处罚的相应职权。《江苏盐业实施办法》是根据《盐业管理条例》的授权制定的，属于法规授权制定，整体合法有效。苏州盐务局根据《江苏盐业实施办法》设立准运证制度的规定作出行政处罚并无不当。《行政许可法》、《行政处罚法》均在《江苏盐业实施办法》之后实施，根据《中华人民共和国立法法》（简称《立法法》）法不溯及既往的规定，《江苏盐业实施办法》仍然应当适用。鲁潍公司未经省盐业公司或盐业行政主管部门批准而购买工业盐的行为，违反了《盐业管理条例》的相关规定，苏州盐务局作出的处罚决定，认定事实清楚，证据确凿，适用法规、规范性文件正确，程序合法，请求法院驳回鲁潍公司的诉讼请求。  　　法院经审理查明：2007年11月12日，鲁潍公司从江西等地购进360吨工业盐。苏州盐务局认为鲁潍公司进行工业盐购销和运输时，应当按照《江苏盐业实施办法》的规定办理工业盐准运证，鲁潍公司未办理工业盐准运证即从省外购进工业盐涉嫌违法。2009年2月26日，苏州盐务局经听证、集体讨论后认为，鲁潍公司未经江苏省盐业公司调拨或盐业行政主管部门批准从省外购进盐产品的行为，违反了《盐业管理条例》第二十条、《江苏盐业实施办法》第二十三条、第三十二条第（二）项的规定，并根据《江苏盐业实施办法》第四十二条的规定，对鲁潍公司作出了（苏）盐政一般[2009]第001-B号处罚决定书，决定没收鲁潍公司违法购进的精制工业盐121.7吨、粉盐93.1吨，并处罚款122363元。鲁潍公司不服该决定，于2月27日向苏州市人民政府申请行政复议。苏州市人民政府于4月24日作出了[2009]苏行复第8号复议决定书，维持了苏州盐务局作出的处罚决定。  　　裁判结果  　　江苏省苏州市金阊区人民法院于2011年4月29日以（2009）金行初字第0027号行政判决书，判决撤销苏州盐务局（苏）盐政一般[2009]第001-B号处罚决定书。  　　裁判理由  　　法院生效裁判认为：苏州盐务局系苏州市人民政府盐业行政主管部门，根据《盐业管理条例》第四条和《江苏盐业实施办法》第四条、第六条的规定，有权对苏州市范围内包括工业盐在内的盐业经营活动进行行政管理，具有合法执法主体资格。  　　苏州盐务局对盐业违法案件进行查处时，应适用合法有效的法律规范。《立法法》第七十九条规定，法律的效力高于行政法规、地方性法规、规章；行政法规的效力高于地方性法规、规章。苏州盐务局的具体行政行为涉及行政许可、行政处罚，应依照《行政许可法》、《行政处罚法》的规定实施。法不溯及既往是指法律的规定仅适用于法律生效以后的事件和行为，对于法律生效以前的事件和行为不适用。《行政许可法》第八十三条第二款规定，本法施行前有关行政许可的规定，制定机关应当依照本法规定予以清理；不符合本法规定的，自本法施行之日起停止执行。《行政处罚法》第六十四条第二款规定，本法公布前制定的法规和规章关于行政处罚的规定与本法不符合的，应当自本法公布之日起，依照本法规定予以修订，在1997年12月31日前修订完毕。因此，苏州盐务局有关法不溯及既往的抗辩理由不成立。根据《行政许可法》第十五条第一款、第十六条第三款的规定，在已经制定法律、行政法规的情况下，地方政府规章只能在法律、行政法规设定的行政许可事项范围内对实施该行政许可作出具体规定，不能设定新的行政许可。法律及《盐业管理条例》没有设定工业盐准运证这一行政许可，地方政府规章不能设定工业盐准运证制度。根据《行政处罚法》第十三条的规定，在已经制定行政法规的情况下，地方政府规章只能在行政法规规定的给予行政处罚的行为、种类和幅度内作出具体规定，《盐业管理条例》对盐业公司之外的其他企业经营盐的批发业务没有设定行政处罚，地方政府规章不能对该行为设定行政处罚。  　　人民法院审理行政案件，依据法律、行政法规、地方性法规，参照规章。苏州盐务局在依职权对鲁潍公司作出行政处罚时，虽然适用了《江苏盐业实施办法》，但是未遵循《立法法》第七十九条关于法律效力等级的规定，未依照《行政许可法》和《行政处罚法》的相关规定，属于适用法律错误，依法应予撤销。,,,,,,,
